Workbook

Sheet Gesamtranking Print
A1: Jassstatistik Wädis 2026/2027
F5: Gesamtwertung
F7: Ranking | G7: Spieler | H7: Anzahl Pokale | I7: VH %
F8: 1 | G8: =IFERROR(VLOOKUP(F8,$A$110:$B$118,2,0),"DOPPEL") -> Chäli | H8: =SUMIFS($C$111:$C$118,$B$111:$B$118,G8) -> 25 | I8: =SUMIFS(Rohdaten!$AH$143:$AH$150,Rohdaten!$D$143:$D$150,'Gesamtranking Print'!$G8) -> 0.34782609
F9: 2 | G9: =IFERROR(VLOOKUP(F9,$A$110:$B$118,2,0),"DOPPEL") -> Goonse | H9: =SUMIFS($C$111:$C$118,$B$111:$B$118,G9) -> 16 | I9: =SUMIFS(Rohdaten!$AH$143:$AH$150,Rohdaten!$D$143:$D$150,'Gesamtranking Print'!$G9) -> 0.30434783
F10: 3 | G10: =IFERROR(VLOOKUP(F10,$A$110:$B$118,2,0),"DOPPEL") -> Fuchs | H10: =SUMIFS($C$111:$C$118,$B$111:$B$118,G10) -> 2 | I10: =SUMIFS(Rohdaten!$AH$143:$AH$150,Rohdaten!$D$143:$D$150,'Gesamtranking Print'!$G10) -> 0.29166667
F11: 4 | G11: =IFERROR(VLOOKUP(F11,$A$110:$B$118,2,0),"DOPPEL") -> Küng | H11: =SUMIFS($C$111:$C$118,$B$111:$B$118,G11) -> 1 | I11: =SUMIFS(Rohdaten!$AH$143:$AH$150,Rohdaten!$D$143:$D$150,'Gesamtranking Print'!$G11) -> 0.34782609
A14: Strich
A16: Ranking | B16: Spieler | C16: Total Striche | D16: Pokal | F16: Ranking | G16: Spieler | H16: Total Berg | I16: Pokal | K16: Ranking | L16: Spieler | M16: ø Anzahl Striche/Abend | N16: Pokal
A17: 1 | B17: Goonse | C17: 18 | D17: 1 | F17: 1 | G17: Goonse | H17: 6 | I17: 1 | K17: 1 | L17: Goonse | M17: 9 | N17: 1
A18: 2 | B18: Chäli | C18: 0 | D18: 1 | F18: 2 | G18: Chäli | H18: 0 | I18: 1 | K18: 2 | L18: Chäli | M18: 0 | N18: 1
A19: 3 | B19: Fuchs | C19: 11 | F19: 3 | G19: Fuchs | H19: 3 | K19: 3 | L19: Fuchs | M19: 5.5
A20: 4 | B20: DOPPEL | C20: 0 | F20: 4 | G20: Doppel | H20: 0 | K20: 4 | L20: DOPPEL | M20: 0
A22: Ranking | B22: Spieler | C22: ø Anzahl Striche/Spiel | D22: Pokal | F22: Ranking | G22: Spieler | H22: Total Schneider | I22: Pokal | K22: Ranking | L22: Spieler | M22: Total Kontermatch | N22: Pokal
A23: 1 | B23: Goonse | C23: 2 | D23: 1 | F23: 1 | G23: Fuchs | H23: 0 | K23: 1 | L23: Fuchs | M23: 0
A24: 2 | B24: Chäli | C24: 0 | D24: 1 | F24: 2 | G24: DOPPEL | H24: 0 | K24: 2 | L24: DOPPEL | M24: 0
A25: 3 | B25: Fuchs | C25: 1.2222222 | F25: 3 | G25: DOPPEL | H25: 0 | K25: 3 | L25: DOPPEL | M25: 0
A26: 4 | B26: DOPPEL | C26: 0 | F26: 4 | G26: DOPPEL | H26: 0 | K26: 4 | L26: DOPPEL | M26: 0
A28: Pünkt
A30: Ranking | B30: Spieler | C30: Total Punkte | D30: Pokal | F30: Ranking | G30: Spieler | H30: ø Anzahl Punkte/Abend | I30: Pokal | K30: Ranking | L30: Spieler | M30: ø Anzahl Punkte/Spiel | N30: Pokal
A31: 1 | B31: Goonse | C31: 26192 | D31: 1 | F31: 1 | G31: Goonse | H31: 13096 | I31: 1 | K31: 1 | L31: Goonse | M31: 2910.2222 | N31: 1
A32: 2 | B32: Chäli | C32: 0 | D32: 1 | F32: 2 | G32: Chäli | H32: 0 | I32: 1 | K32: 2 | L32: Chäli | M32: 0 | N32: 1
A33: 3 | B33: Fuchs | C33: 25299 | F33: 3 | G33: Fuchs | H33: 12649.5 | K33: 3 | L33: Fuchs | M33: 2811
A34: 4 | B34: DOPPEL | C34: 0 | F34: 4 | G34: DOPPEL | H34: 0 | K34: 4 | L34: DOPPEL | M34: 0
A36: Mätsch
A38: Ranking | B38: Spieler | C38: Total Anzahl Match | D38: Pokal | F38: Ranking | G38: Spieler | H38: Total Punkte Match* | I38: Pokal | K38: Ranking | L38: Spieler | M38: Anzahl Match 1fach | N38: Pokal
A39: 1 | B39: Goonse | C39: 2 | D39: 1 | F39: 1 | G39: Goonse | H39: 1285 | I39: 1 | K39: 1 | L39: Fuchs | M39: 0
A40: 2 | B40: Chäli | C40: 0 | D40: 1 | F40: 2 | G40: Chäli | H40: 0 | I40: 1 | K40: 2 | L40: DOPPEL | M40: 0
A41: 3 | B41: Fuchs | C41: 0 | F41: 3 | G41: Fuchs | H41: 0 | K41: 3 | L41: DOPPEL | M41: 0
A42: 4 | B42: DOPPEL | C42: 0 | F42: 4 | G42: DOPPEL | H42: 0 | K42: 4 | L42: DOPPEL | M42: 0
A44: Ranking | B44: Spieler | C44: Anzahl Match 2fach | D44: Pokal | F44: Ranking | G44: Spieler | H44: Anzahl Match 3fach | I44: Pokal | K44: Ranking | L44: Spieler | M44: Anzahl Match 4fach | N44: Pokal
A45: 1 | B45: Goonse | C45: 1 | D45: 1 | F45: 1 | G45: Goonse | H45: 1 | I45: 1 | K45: 1 | L45: Fuchs | M45: 0
A46: 2 | B46: Chäli | C46: 0 | D46: 1 | F46: 2 | G46: Chäli | H46: 0 | I46: 1 | K46: 2 | L46: DOPPEL | M46: 0
A47: 3 | B47: Fuchs | C47: 0 | F47: 3 | G47: Fuchs | H47: 0 | K47: 3 | L47: DOPPEL | M47: 0
A48: 4 | B48: DOPPEL | C48: 0 | F48: 4 | G48: DOPPEL | H48: 0 | K48: 4 | L48: DOPPEL | M48: 0
A50: Wiise
A52: Ranking | B52: Spieler | C52: Total Punkte Weisen* | D52: Pokal | F52: Ranking | G52: Spieler | H52: Anzahl Weisen 20er | I52: Pokal | K52: Ranking | L52: Spieler | M52: Punkte Weisen 20er* | N52: Pokal
A53: 1 | B53: Chäli | C53: 3820 | D53: 1 | F53: 1 | G53: Chäli | H53: 22 | I53: 1 | K53: 1 | L53: Chäli | M53: 1220 | N53: 1
A54: 2 | B54: Goonse | C54: 2020 | F54: 2 | G54: Fuchs | H54: 15 | K54: 2 | L54: Küng | M54: 940
A55: 3 | B55: Küng | C55: 1740 | F55: 3 | G55: Küng | H55: 14 | K55: 3 | L55: Fuchs | M55: 900
A56: 4 | B56: Fuchs | C56: 1300 | F56: 4 | G56: Goonse | H56: 12 | K56: 4 | L56: Goonse | M56: 720
A58: Ranking | B58: Spieler | C58: Anzahl Weisen 50er | D58: Pokal | F58: Ranking | G58: Spieler | H58: Punkte Weisen 50er* | I58: Pokal | K58: Ranking | L58: Spieler | M58: Anz. Weisen 100er | N58: Pokal
A59: 1 | B59: Chäli | C59: 4 | D59: 1 | F59: 1 | G59: Chäli | H59: 450 | I59: 1 | K59: 1 | L59: Chäli | M59: 4 | N59: 1
A60: 2 | B60: Küng | C60: 2 | F60: 2 | G60: Küng | H60: 400 | K60: 2 | L60: Goonse | M60: 2
A61: 3 | B61: Fuchs | C61: 1 | F61: 3 | G61: Fuchs | H61: 200 | K61: 3 | L61: Fuchs | M61: 1
A62: 4 | B62: DOPPEL | C62: 0 | F62: 4 | G62: Goonse | H62: 100 | K62: 4 | L62: DOPPEL | M62: 0
A64: Ranking | B64: Spieler | C64: Punkte Weisen 100er* | D64: Pokal | F64: Ranking | G64: Spieler | H64: Anz. Weisen 150er | I64: Pokal | K64: Ranking | L64: Spieler | M64: Punkte Weisen 150er* | N64: Pokal
A65: 1 | B65: Chäli | C65: 1100 | D65: 1 | F65: 1 | G65: Chäli | H65: 2 | I65: 1 | K65: 1 | L65: Chäli | M65: 1050 | N65: 1
A66: 2 | B66: Goonse | C66: 600 | F66: 2 | G66: Goonse | H66: 1 | K66: 2 | L66: Goonse | M66: 600
A67: 3 | B67: Küng | C67: 400 | F67: 3 | G67: Fuchs | H67: 0 | K67: 3 | L67: Fuchs | M67: 0
A68: 4 | B68: Fuchs | C68: 200 | F68: 4 | G68: DOPPEL | H68: 0 | K68: 4 | L68: DOPPEL | M68: 0
A70: Ranking | B70: Spieler | C70: Anz. Weisen 200er | D70: Pokal | F70: Ranking | G70: Spieler | H70: Punkte Weisen 200er* | I70: Pokal | K70: * die Punkte wurden inkl. dem Multiplikator berechnet
A71: 1 | B71: Fuchs | C71: 0 | F71: 1 | G71: Fuchs | H71: 0 | K71: Multiplikator: | L71: Eicheln = 1fach
A72: 2 | B72: DOPPEL | C72: 0 | F72: 2 | G72: DOPPEL | H72: 0 | L72: Schelle/Schilte = 2fach
A73: 3 | B73: DOPPEL | C73: 0 | F73: 3 | G73: DOPPEL | H73: 0 | L73: Une/Obe = 3fach
A74: 4 | B74: DOPPEL | C74: 0 | F74: 4 | G74: DOPPEL | H74: 0 | L74: Rose = 4fach
A76: Übriges
A78: Ranking | B78: Spieler | C78: Anz. Tagessiege | D78: Pokal | F78: Ranking | G78: Spieler | H78: Anz. Teilnahmen | I78: Pokal | K78: Ranking | L78: Spieler | M78: Total Spenden | N78: Pokal
A79: 1 | B79: Goonse | C79: 2 | D79: 1 | F79: 1 | G79: Fuchs | H79: 2 | I79: 1 | K79: 1 | L79: Goonse | M79: 0 | N79: 1
A80: 2 | B80: Chäli | C80: 0 | D80: 1 | F80: 2 | G80: Goonse | H80: 0 | I80: 1 | K80: 2 | L80: Chäli | M80: 0 | N80: 1
A81: 3 | B81: Fuchs | C81: 0 | F81: 3 | G81: Chäli | H81: 0 | I81: 1 | K81: 3 | L81: Fuchs | M81: 70
A82: 4 | B82: DOPPEL | C82: 0 | F82: 4 | G82: Küng | H82: 0 | I82: 1 | K82: 4 | L82: DOPPEL | M82: 0
A84: Ranking | B84: Spieler | C84: ø Spende/Abend | D84: Pokal | F84: Ranking | G84: Spieler | H84: Anz. Rundensiege | I84: Pokal | K84: Ranking | L84: Spieler | M84: JFK | N84: Pokal
A85: 1 | B85: Goonse | C85: 0 | D85: 1 | F85: 1 | G85: Goonse | H85: 5 | I85: 1 | K85: 1 | L85: Fuchs | M85: 0 | N85: 1
A86: 2 | B86: Chäli | C86: 0 | D86: 1 | F86: 2 | G86: Chäli | H86: 0 | I86: 1 | K86: 2 | L86: Küng | M86: 1
A87: 3 | B87: Fuchs | C87: 35 | F87: 3 | G87: Fuchs | H87: 4 | K87: 3 | L87: DOPPEL | M87: 0
A88: 4 | B88: DOPPEL | C88: 0 | F88: 4 | G88: DOPPEL | H88: 0 | K88: 4 | L88: Goonse | M88: 3
A93: Verlauf Tagessiege (1 = Sieg / 0 = unentschieden o. abwesend / -1 = Niederlage)
K94: Teamkostellationen | M94: Gesamt- Anteil | N94: Gesamt- Anzahl | O94: Win- Rate | P94: *Win- Anteil
K95: Fuchs | L95: Chäli | M95: =IF((COUNTIF(Rohdaten!E:E,K95&L95)+COUNTIF(Rohdaten!E:E,L95&K95))/Rohdaten!$R$141=0,"",(COUNTIF(Rohdaten!E:E,K95&L95)+COUNTIF(Rohdaten!E:E,L95&K95))/Rohdaten!$R$141) | N95: =((COUNTIF(Rohdaten!E:E,K95&L95)+COUNTIF(Rohdaten!E:E,L95&K95))) -> 0 | O95: =IFERROR((SUMIFS(Rohdaten!$F$154:$F$176,Rohdaten!$D$154:$D$176,'Gesamtranking Print'!K95&'Gesamtranking Print'!L95)+SUMIFS(Rohdaten!$F$154:$F$176,Rohdaten!$D$154:$D$176,'Gesamtranking Print'!L95&'Gesamtranking Print'!K95))/(SUMIFS(Rohdaten!$E$154:$E$176,Rohdaten!$D$154:$D$176,'Gesamtranking Print'!K95&'Gesamtranking Print'!L95)+SUMIFS(Rohdaten!$E$154:$E$176,Rohdaten!$D$154:$D$176,'Gesamtranking Print'!L95&'Gesamtranking Print'!K95)),"") | P95: =IFERROR(M95*O95,"")
A96: Fuchs | K96: Fuchs | L96: Küng | M96: =IF((COUNTIF(Rohdaten!E:E,K96&L96)+COUNTIF(Rohdaten!E:E,L96&K96))/Rohdaten!$R$141=0,"",(COUNTIF(Rohdaten!E:E,K96&L96)+COUNTIF(Rohdaten!E:E,L96&K96))/Rohdaten!$R$141) -> 1 | N96: =((COUNTIF(Rohdaten!E:E,K96&L96)+COUNTIF(Rohdaten!E:E,L96&K96))) -> 2 | O96: =IFERROR((SUMIFS(Rohdaten!$F$154:$F$176,Rohdaten!$D$154:$D$176,'Gesamtranking Print'!K96&'Gesamtranking Print'!L96)+SUMIFS(Rohdaten!$F$154:$F$176,Rohdaten!$D$154:$D$176,'Gesamtranking Print'!L96&'Gesamtranking Print'!K96))/(SUMIFS(Rohdaten!$E$154:$E$176,Rohdaten!$D$154:$D$176,'Gesamtranking Print'!K96&'Gesamtranking Print'!L96)+SUMIFS(Rohdaten!$E$154:$E$176,Rohdaten!$D$154:$D$176,'Gesamtranking Print'!L96&'Gesamtranking Print'!K96)),"") -> 0 | P96: =IFERROR(M96*O96,"") -> 0
K97: Fuchs | L97: Schlagi | M97: =IF((COUNTIF(Rohdaten!E:E,K97&L97)+COUNTIF(Rohdaten!E:E,L97&K97))/Rohdaten!$R$141=0,"",(COUNTIF(Rohdaten!E:E,K97&L97)+COUNTIF(Rohdaten!E:E,L97&K97))/Rohdaten!$R$141) | N97: =((COUNTIF(Rohdaten!E:E,K97&L97)+COUNTIF(Rohdaten!E:E,L97&K97))) -> 0 | O97: =IFERROR((SUMIFS(Rohdaten!$F$154:$F$176,Rohdaten!$D$154:$D$176,'Gesamtranking Print'!K97&'Gesamtranking Print'!L97)+SUMIFS(Rohdaten!$F$154:$F$176,Rohdaten!$D$154:$D$176,'Gesamtranking Print'!L97&'Gesamtranking Print'!K97))/(SUMIFS(Rohdaten!$E$154:$E$176,Rohdaten!$D$154:$D$176,'Gesamtranking Print'!K97&'Gesamtranking Print'!L97)+SUMIFS(Rohdaten!$E$154:$E$176,Rohdaten!$D$154:$D$176,'Gesamtranking Print'!L97&'Gesamtranking Print'!K97)),"") | P97: =IFERROR(M97*O97,"")
K98: Fuchs | L98: Goonse | M98: =IF((COUNTIF(Rohdaten!E:E,K98&L98)+COUNTIF(Rohdaten!E:E,L98&K98))/Rohdaten!$R$141=0,"",(COUNTIF(Rohdaten!E:E,K98&L98)+COUNTIF(Rohdaten!E:E,L98&K98))/Rohdaten!$R$141) | N98: =((COUNTIF(Rohdaten!E:E,K98&L98)+COUNTIF(Rohdaten!E:E,L98&K98))) -> 0 | O98: =IFERROR((SUMIFS(Rohdaten!$F$154:$F$176,Rohdaten!$D$154:$D$176,'Gesamtranking Print'!K98&'Gesamtranking Print'!L98)+SUMIFS(Rohdaten!$F$154:$F$176,Rohdaten!$D$154:$D$176,'Gesamtranking Print'!L98&'Gesamtranking Print'!K98))/(SUMIFS(Rohdaten!$E$154:$E$176,Rohdaten!$D$154:$D$176,'Gesamtranking Print'!K98&'Gesamtranking Print'!L98)+SUMIFS(Rohdaten!$E$154:$E$176,Rohdaten!$D$154:$D$176,'Gesamtranking Print'!L98&'Gesamtranking Print'!K98)),"") | P98: =IFERROR(M98*O98,"")
A99: Küng | K99: Fuchs | L99: Zolli | M99: =IF((COUNTIF(Rohdaten!E:E,K99&L99)+COUNTIF(Rohdaten!E:E,L99&K99))/Rohdaten!$R$141=0,"",(COUNTIF(Rohdaten!E:E,K99&L99)+COUNTIF(Rohdaten!E:E,L99&K99))/Rohdaten!$R$141) | N99: =((COUNTIF(Rohdaten!E:E,K99&L99)+COUNTIF(Rohdaten!E:E,L99&K99))) -> 0 | O99: =IFERROR((SUMIFS(Rohdaten!$F$154:$F$176,Rohdaten!$D$154:$D$176,'Gesamtranking Print'!K99&'Gesamtranking Print'!L99)+SUMIFS(Rohdaten!$F$154:$F$176,Rohdaten!$D$154:$D$176,'Gesamtranking Print'!L99&'Gesamtranking Print'!K99))/(SUMIFS(Rohdaten!$E$154:$E$176,Rohdaten!$D$154:$D$176,'Gesamtranking Print'!K99&'Gesamtranking Print'!L99)+SUMIFS(Rohdaten!$E$154:$E$176,Rohdaten!$D$154:$D$176,'Gesamtranking Print'!L99&'Gesamtranking Print'!K99)),"") | P99: =IFERROR(M99*O99,"")
K100: Fuchs | L100: Disti | M100: =IF((COUNTIF(Rohdaten!E:E,K100&L100)+COUNTIF(Rohdaten!E:E,L100&K100))/Rohdaten!$R$141=0,"",(COUNTIF(Rohdaten!E:E,K100&L100)+COUNTIF(Rohdaten!E:E,L100&K100))/Rohdaten!$R$141) | N100: =((COUNTIF(Rohdaten!E:E,K100&L100)+COUNTIF(Rohdaten!E:E,L100&K100))) -> 0 | O100: =IFERROR((SUMIFS(Rohdaten!$F$154:$F$176,Rohdaten!$D$154:$D$176,'Gesamtranking Print'!K100&'Gesamtranking Print'!L100)+SUMIFS(Rohdaten!$F$154:$F$176,Rohdaten!$D$154:$D$176,'Gesamtranking Print'!L100&'Gesamtranking Print'!K100))/(SUMIFS(Rohdaten!$E$154:$E$176,Rohdaten!$D$154:$D$176,'Gesamtranking Print'!K100&'Gesamtranking Print'!L100)+SUMIFS(Rohdaten!$E$154:$E$176,Rohdaten!$D$154:$D$176,'Gesamtranking Print'!L100&'Gesamtranking Print'!K100)),"") | P100: =IFERROR(M100*O100,"")
K101: Chäli | L101: Küng | M101: =IF((COUNTIF(Rohdaten!E:E,K101&L101)+COUNTIF(Rohdaten!E:E,L101&K101))/Rohdaten!$R$141=0,"",(COUNTIF(Rohdaten!E:E,K101&L101)+COUNTIF(Rohdaten!E:E,L101&K101))/Rohdaten!$R$141) | N101: =((COUNTIF(Rohdaten!E:E,K101&L101)+COUNTIF(Rohdaten!E:E,L101&K101))) -> 0 | O101: =IFERROR((SUMIFS(Rohdaten!$F$154:$F$176,Rohdaten!$D$154:$D$176,'Gesamtranking Print'!K101&'Gesamtranking Print'!L101)+SUMIFS(Rohdaten!$F$154:$F$176,Rohdaten!$D$154:$D$176,'Gesamtranking Print'!L101&'Gesamtranking Print'!K101))/(SUMIFS(Rohdaten!$E$154:$E$176,Rohdaten!$D$154:$D$176,'Gesamtranking Print'!K101&'Gesamtranking Print'!L101)+SUMIFS(Rohdaten!$E$154:$E$176,Rohdaten!$D$154:$D$176,'Gesamtranking Print'!L101&'Gesamtranking Print'!K101)),"") | P101: =IFERROR(M101*O101,"")
A102: Goonse | K102: Chäli | L102: Zolli | M102: =IF((COUNTIF(Rohdaten!E:E,K102&L102)+COUNTIF(Rohdaten!E:E,L102&K102))/Rohdaten!$R$141=0,"",(COUNTIF(Rohdaten!E:E,K102&L102)+COUNTIF(Rohdaten!E:E,L102&K102))/Rohdaten!$R$141) | N102: =((COUNTIF(Rohdaten!E:E,K102&L102)+COUNTIF(Rohdaten!E:E,L102&K102))) -> 0 | O102: =IFERROR((SUMIFS(Rohdaten!$F$154:$F$176,Rohdaten!$D$154:$D$176,'Gesamtranking Print'!K102&'Gesamtranking Print'!L102)+SUMIFS(Rohdaten!$F$154:$F$176,Rohdaten!$D$154:$D$176,'Gesamtranking Print'!L102&'Gesamtranking Print'!K102))/(SUMIFS(Rohdaten!$E$154:$E$176,Rohdaten!$D$154:$D$176,'Gesamtranking Print'!K102&'Gesamtranking Print'!L102)+SUMIFS(Rohdaten!$E$154:$E$176,Rohdaten!$D$154:$D$176,'Gesamtranking Print'!L102&'Gesamtranking Print'!K102)),"") | P102: =IFERROR(M102*O102,"")
K103: Chäli | L103: Goonse | M103: =IF((COUNTIF(Rohdaten!E:E,K103&L103)+COUNTIF(Rohdaten!E:E,L103&K103))/Rohdaten!$R$141=0,"",(COUNTIF(Rohdaten!E:E,K103&L103)+COUNTIF(Rohdaten!E:E,L103&K103))/Rohdaten!$R$141) -> 1 | N103: =((COUNTIF(Rohdaten!E:E,K103&L103)+COUNTIF(Rohdaten!E:E,L103&K103))) -> 2 | O103: =IFERROR((SUMIFS(Rohdaten!$F$154:$F$176,Rohdaten!$D$154:$D$176,'Gesamtranking Print'!K103&'Gesamtranking Print'!L103)+SUMIFS(Rohdaten!$F$154:$F$176,Rohdaten!$D$154:$D$176,'Gesamtranking Print'!L103&'Gesamtranking Print'!K103))/(SUMIFS(Rohdaten!$E$154:$E$176,Rohdaten!$D$154:$D$176,'Gesamtranking Print'!K103&'Gesamtranking Print'!L103)+SUMIFS(Rohdaten!$E$154:$E$176,Rohdaten!$D$154:$D$176,'Gesamtranking Print'!L103&'Gesamtranking Print'!K103)),"") -> 1 | P103: =IFERROR(M103*O103,"") -> 1
K104: Chäli | L104: Schlagi | M104: =IF((COUNTIF(Rohdaten!E:E,K104&L104)+COUNTIF(Rohdaten!E:E,L104&K104))/Rohdaten!$R$141=0,"",(COUNTIF(Rohdaten!E:E,K104&L104)+COUNTIF(Rohdaten!E:E,L104&K104))/Rohdaten!$R$141) | N104: =((COUNTIF(Rohdaten!E:E,K104&L104)+COUNTIF(Rohdaten!E:E,L104&K104))) -> 0 | O104: =IFERROR((SUMIFS(Rohdaten!$F$154:$F$176,Rohdaten!$D$154:$D$176,'Gesamtranking Print'!K104&'Gesamtranking Print'!L104)+SUMIFS(Rohdaten!$F$154:$F$176,Rohdaten!$D$154:$D$176,'Gesamtranking Print'!L104&'Gesamtranking Print'!K104))/(SUMIFS(Rohdaten!$E$154:$E$176,Rohdaten!$D$154:$D$176,'Gesamtranking Print'!K104&'Gesamtranking Print'!L104)+SUMIFS(Rohdaten!$E$154:$E$176,Rohdaten!$D$154:$D$176,'Gesamtranking Print'!L104&'Gesamtranking Print'!K104)),"") | P104: =IFERROR(M104*O104,"")
A105: Chäli | K105: Küng | L105: Schlagi | M105: =IF((COUNTIF(Rohdaten!E:E,K105&L105)+COUNTIF(Rohdaten!E:E,L105&K105))/Rohdaten!$R$141=0,"",(COUNTIF(Rohdaten!E:E,K105&L105)+COUNTIF(Rohdaten!E:E,L105&K105))/Rohdaten!$R$141) | N105: =((COUNTIF(Rohdaten!E:E,K105&L105)+COUNTIF(Rohdaten!E:E,L105&K105))) -> 0 | O105: =IFERROR((SUMIFS(Rohdaten!$F$154:$F$176,Rohdaten!$D$154:$D$176,'Gesamtranking Print'!K105&'Gesamtranking Print'!L105)+SUMIFS(Rohdaten!$F$154:$F$176,Rohdaten!$D$154:$D$176,'Gesamtranking Print'!L105&'Gesamtranking Print'!K105))/(SUMIFS(Rohdaten!$E$154:$E$176,Rohdaten!$D$154:$D$176,'Gesamtranking Print'!K105&'Gesamtranking Print'!L105)+SUMIFS(Rohdaten!$E$154:$E$176,Rohdaten!$D$154:$D$176,'Gesamtranking Print'!L105&'Gesamtranking Print'!K105)),"") | P105: =IFERROR(M105*O105,"")
K106: Küng | L106: Goonse | M106: =IF((COUNTIF(Rohdaten!E:E,K106&L106)+COUNTIF(Rohdaten!E:E,L106&K106))/Rohdaten!$R$141=0,"",(COUNTIF(Rohdaten!E:E,K106&L106)+COUNTIF(Rohdaten!E:E,L106&K106))/Rohdaten!$R$141) | N106: =((COUNTIF(Rohdaten!E:E,K106&L106)+COUNTIF(Rohdaten!E:E,L106&K106))) -> 0 | O106: =IFERROR((SUMIFS(Rohdaten!$F$154:$F$176,Rohdaten!$D$154:$D$176,'Gesamtranking Print'!K106&'Gesamtranking Print'!L106)+SUMIFS(Rohdaten!$F$154:$F$176,Rohdaten!$D$154:$D$176,'Gesamtranking Print'!L106&'Gesamtranking Print'!K106))/(SUMIFS(Rohdaten!$E$154:$E$176,Rohdaten!$D$154:$D$176,'Gesamtranking Print'!K106&'Gesamtranking Print'!L106)+SUMIFS(Rohdaten!$E$154:$E$176,Rohdaten!$D$154:$D$176,'Gesamtranking Print'!L106&'Gesamtranking Print'!K106)),"") | P106: =IFERROR(M106*O106,"")
K107: Küng | L107: Zolli | M107: =IF((COUNTIF(Rohdaten!E:E,K107&L107)+COUNTIF(Rohdaten!E:E,L107&K107))/Rohdaten!$R$141=0,"",(COUNTIF(Rohdaten!E:E,K107&L107)+COUNTIF(Rohdaten!E:E,L107&K107))/Rohdaten!$R$141) | N107: =((COUNTIF(Rohdaten!E:E,K107&L107)+COUNTIF(Rohdaten!E:E,L107&K107))) -> 0 | O107: =IFERROR((SUMIFS(Rohdaten!$F$154:$F$176,Rohdaten!$D$154:$D$176,'Gesamtranking Print'!K107&'Gesamtranking Print'!L107)+SUMIFS(Rohdaten!$F$154:$F$176,Rohdaten!$D$154:$D$176,'Gesamtranking Print'!L107&'Gesamtranking Print'!K107))/(SUMIFS(Rohdaten!$E$154:$E$176,Rohdaten!$D$154:$D$176,'Gesamtranking Print'!K107&'Gesamtranking Print'!L107)+SUMIFS(Rohdaten!$E$154:$E$176,Rohdaten!$D$154:$D$176,'Gesamtranking Print'!L107&'Gesamtranking Print'!K107)),"") | P107: =IFERROR(M107*O107,"")
K108: Küng | L108: Disti | M108: =IF((COUNTIF(Rohdaten!E:E,K108&L108)+COUNTIF(Rohdaten!E:E,L108&K108))/Rohdaten!$R$141=0,"",(COUNTIF(Rohdaten!E:E,K108&L108)+COUNTIF(Rohdaten!E:E,L108&K108))/Rohdaten!$R$141) | N108: =((COUNTIF(Rohdaten!E:E,K108&L108)+COUNTIF(Rohdaten!E:E,L108&K108))) -> 0 | O108: =IFERROR((SUMIFS(Rohdaten!$F$154:$F$176,Rohdaten!$D$154:$D$176,'Gesamtranking Print'!K108&'Gesamtranking Print'!L108)+SUMIFS(Rohdaten!$F$154:$F$176,Rohdaten!$D$154:$D$176,'Gesamtranking Print'!L108&'Gesamtranking Print'!K108))/(SUMIFS(Rohdaten!$E$154:$E$176,Rohdaten!$D$154:$D$176,'Gesamtranking Print'!K108&'Gesamtranking Print'!L108)+SUMIFS(Rohdaten!$E$154:$E$176,Rohdaten!$D$154:$D$176,'Gesamtranking Print'!L108&'Gesamtranking Print'!K108)),"") | P108: =IFERROR(M108*O108,"")
A110: Ranking | B110: Spieler | C110: Anzahl Pokale | M110: * Unentschieden wird als Sieg gewertet
A111: =_xlfn.RANK.EQ(C111,$C$111:$C$118,0) -> 3 | B111: Fuchs | C111: =SUMIFS($D$17:$D$91,$B$17:$B$91,B111)+SUMIFS($I$17:$I$91,$G$17:$G$91,B111)+SUMIFS($N$17:$N$91,$L$17:$L$91,B111) -> 2
A112: =_xlfn.RANK.EQ(C112,$C$111:$C$118,0) -> 4 | B112: Küng | C112: =SUMIFS($D$17:$D$91,$B$17:$B$91,B112)+SUMIFS($I$17:$I$91,$G$17:$G$91,B112)+SUMIFS($N$17:$N$91,$L$17:$L$91,B112) -> 1 | L112: CHECK | M112: =2-SUM(M95:M107) -> 0 | O112: =1-SUM(P95:P107) -> 0
A113: =_xlfn.RANK.EQ(C113,$C$111:$C$118,0) -> 2 | B113: Goonse | C113: =SUMIFS($D$17:$D$91,$B$17:$B$91,B113)+SUMIFS($I$17:$I$91,$G$17:$G$91,B113)+SUMIFS($N$17:$N$91,$L$17:$L$91,B113) -> 16
A114: =_xlfn.RANK.EQ(C114,$C$111:$C$118,0) -> 1 | B114: Chäli | C114: =SUMIFS($D$17:$D$91,$B$17:$B$91,B114)+SUMIFS($I$17:$I$91,$G$17:$G$91,B114)+SUMIFS($N$17:$N$91,$L$17:$L$91,B114) -> 25
A120: Verlauf Tagessiege
B122: 1 | C122: 2 | D122: 3 | E122: 4 | F122: 5 | G122: 6 | H122: 7 | I122: 8 | J122: 9 | K122: 10 | L122: 11 | M122: 12 | N122: 13 | O122: 14 | P122: 15 | Q122: 16 | R122: 17 | S122: 18 | T122: 19 | U122: 20 | V122: 21 | W122: 22 | X122: 23 | Y122: 24 | Z122: 25 | AA122: 26 | AB122: 27 | AC122: 28 | AD122: 29 | AE122: 30 | AF122: 31 | AG122: 32 | AH122: 33
A123: Fuchs | B123: -1 | C123: -1
A124: Küng | B124: -1 | C124: -1
A125: Goonse | B125: 1 | C125: 1
A126: Chäli | B126: 1 | C126: 1
A129: Verlauf Anz. Pokale:
B131: 21.03. | C131: 30.03.
A132: Fuchs | B132: 3 | C132: 2
A133: Küng | B133: 3 | C133: 1
A134: Goonse | B134: 14 | C134: 16
A135: Chäli | B135: 22 | C135: 25

Sheet Gesamtranking
A1: Jassstatistik Wädis
F3: Gesamtwertung
F5: Ranking | G5: Spieler | H5: Anzahl Pokale
F6: 1 | G6: =IFERROR(VLOOKUP(F6,[1]Detail!X:AQ,20,0),"DOPPEL") -> Chäli | H6: =SUMIFS([1]Detail!$S$99:$S$107,[1]Detail!$C$99:$C$107,[1]Übersicht!$B6) -> #VALUE!
F7: 2 | G7: =IFERROR(VLOOKUP(F7,[1]Detail!X:AQ,20,0),"DOPPEL") -> Berg | H7: =SUMIFS([1]Detail!$S$99:$S$107,[1]Detail!$C$99:$C$107,[1]Übersicht!$B7) -> #VALUE!
F8: 3 | G8: =IFERROR(VLOOKUP(F8,[1]Detail!X:AQ,20,0),"DOPPEL") -> Rogerio | H8: =SUMIFS([1]Detail!$S$99:$S$107,[1]Detail!$C$99:$C$107,[1]Übersicht!$B8) -> #VALUE!
F9: 4 | G9: =IFERROR(VLOOKUP(F9,[1]Detail!X:AQ,20,0),"DOPPEL") -> Fisi | H9: =SUMIFS([1]Detail!$S$99:$S$107,[1]Detail!$C$99:$C$107,[1]Übersicht!$B9) -> #VALUE!
A12: Strich
A14: Ranking | B14: Spieler | C14: Total Striche | D14: Pokal | F14: Ranking | G14: Spieler | H14: Total Berg | I14: Pokal | K14: Ranking | L14: Spieler | M14: ø Anzahl Striche/Abend | N14: Pokal
A15: 1 | B15: =IFERROR(VLOOKUP(A15,Rohdaten!CQ:EL,48,0),"DOPPEL") -> Goonse | C15: =SUMIFS(Rohdaten!$AQ$143:$AQ$150,Rohdaten!$D$143:$D$150,Gesamtranking!B15) -> 18 | F15: 1 | G15: =IFERROR(VLOOKUP(F15,Rohdaten!CR:EL,47,0),"Doppel") -> Goonse | H15: =SUMIFS(Rohdaten!$AP$143:$AP$150,Rohdaten!$D$143:$D$150,Gesamtranking!G15) -> 6 | K15: 1 | L15: =IFERROR(VLOOKUP(K15,Rohdaten!CT:EL,45,0),"DOPPEL") -> Goonse | M15: =SUMIFS(Rohdaten!$CS$143:$CS$150,Rohdaten!$D$143:$D$150,Gesamtranking!L15) -> 9
A16: 2 | B16: =IFERROR(VLOOKUP(A16,Rohdaten!CQ:EL,48,0),"DOPPEL") -> DOPPEL | C16: =SUMIFS(Rohdaten!$AQ$143:$AQ$150,Rohdaten!$D$143:$D$150,Gesamtranking!B16) -> 0 | F16: 2 | G16: =IFERROR(VLOOKUP(F16,Rohdaten!CR:EL,47,0),"Doppel") -> Doppel | H16: =SUMIFS(Rohdaten!$AP$143:$AP$150,Rohdaten!$D$143:$D$150,Gesamtranking!G16) -> 0 | K16: 2 | L16: =IFERROR(VLOOKUP(K16,Rohdaten!CT:EL,45,0),"DOPPEL") -> DOPPEL | M16: =SUMIFS(Rohdaten!$CS$143:$CS$150,Rohdaten!$D$143:$D$150,Gesamtranking!L16) -> 0
A17: 3 | B17: =IFERROR(VLOOKUP(A17,Rohdaten!CQ:EL,48,0),"DOPPEL") -> Fuchs | C17: =SUMIFS(Rohdaten!$AQ$143:$AQ$150,Rohdaten!$D$143:$D$150,Gesamtranking!B17) -> 11 | F17: 3 | G17: =IFERROR(VLOOKUP(F17,Rohdaten!CR:EL,47,0),"Doppel") -> Fuchs | H17: =SUMIFS(Rohdaten!$AP$143:$AP$150,Rohdaten!$D$143:$D$150,Gesamtranking!G17) -> 3 | K17: 3 | L17: =IFERROR(VLOOKUP(K17,Rohdaten!CT:EL,45,0),"DOPPEL") -> Fuchs | M17: =SUMIFS(Rohdaten!$CS$143:$CS$150,Rohdaten!$D$143:$D$150,Gesamtranking!L17) -> 5.5
A18: 4 | B18: =IFERROR(VLOOKUP(A18,Rohdaten!CQ:EL,48,0),"DOPPEL") -> DOPPEL | C18: =SUMIFS(Rohdaten!$AQ$143:$AQ$150,Rohdaten!$D$143:$D$150,Gesamtranking!B18) -> 0 | F18: 4 | G18: =IFERROR(VLOOKUP(F18,Rohdaten!CR:EL,47,0),"Doppel") -> Doppel | H18: =SUMIFS(Rohdaten!$AP$143:$AP$150,Rohdaten!$D$143:$D$150,Gesamtranking!G18) -> 0 | K18: 4 | L18: =IFERROR(VLOOKUP(K18,Rohdaten!CT:EL,45,0),"DOPPEL") -> DOPPEL | M18: =SUMIFS(Rohdaten!$CS$143:$CS$150,Rohdaten!$D$143:$D$150,Gesamtranking!L18) -> 0
A20: Ranking | B20: Spieler | C20: ø Anzahl Striche/Spiel | D20: Pokal | F20: Ranking | G20: Spieler | H20: Total Schneider | I20: Pokal | K20: Ranking | L20: Spieler | M20: Total Kontermatch | N20: Pokal
A21: 1 | B21: =IFERROR(VLOOKUP(A21,Rohdaten!DY:EL,14,0),"DOPPEL") -> Goonse | C21: =SUMIFS(Rohdaten!$DX$143:$DX$150,Rohdaten!$D$143:$D$150,Gesamtranking!B21) -> 2 | F21: 1 | G21: =IFERROR(VLOOKUP(F21,Rohdaten!CU:EL,44,0),"DOPPEL") -> Fuchs | H21: =SUMIFS(Rohdaten!$AR$143:$AR$150,Rohdaten!$D$143:$D$150,Gesamtranking!G21) -> 0 | K21: 1 | L21: =IFERROR(VLOOKUP(K21,Rohdaten!DZ:EL,13,0),"DOPPEL") -> Fuchs | M21: =SUMIFS(Rohdaten!$AS$143:$AS$150,Rohdaten!$D$143:$D$150,Gesamtranking!L21) -> 0
A22: 2 | B22: =IFERROR(VLOOKUP(A22,Rohdaten!DY:EL,14,0),"DOPPEL") -> DOPPEL | C22: =SUMIFS(Rohdaten!$DX$143:$DX$150,Rohdaten!$D$143:$D$150,Gesamtranking!B22) -> 0 | F22: 2 | G22: =IFERROR(VLOOKUP(F22,Rohdaten!CU:EL,44,0),"DOPPEL") -> DOPPEL | H22: =SUMIFS(Rohdaten!$AR$143:$AR$150,Rohdaten!$D$143:$D$150,Gesamtranking!G22) -> 0 | K22: 2 | L22: =IFERROR(VLOOKUP(K22,Rohdaten!DZ:EL,13,0),"DOPPEL") -> DOPPEL | M22: =SUMIFS(Rohdaten!$AS$143:$AS$150,Rohdaten!$D$143:$D$150,Gesamtranking!L22) -> 0
A23: 3 | B23: =IFERROR(VLOOKUP(A23,Rohdaten!DY:EL,14,0),"DOPPEL") -> Fuchs | C23: =SUMIFS(Rohdaten!$DX$143:$DX$150,Rohdaten!$D$143:$D$150,Gesamtranking!B23) -> 1.2222222 | F23: 3 | G23: =IFERROR(VLOOKUP(F23,Rohdaten!CU:EL,44,0),"DOPPEL") -> DOPPEL | H23: =SUMIFS(Rohdaten!$AR$143:$AR$150,Rohdaten!$D$143:$D$150,Gesamtranking!G23) -> 0 | K23: 3 | L23: =IFERROR(VLOOKUP(K23,Rohdaten!DZ:EL,13,0),"DOPPEL") -> DOPPEL | M23: =SUMIFS(Rohdaten!$AS$143:$AS$150,Rohdaten!$D$143:$D$150,Gesamtranking!L23) -> 0
A24: 4 | B24: =IFERROR(VLOOKUP(A24,Rohdaten!DY:EL,14,0),"DOPPEL") -> DOPPEL | C24: =SUMIFS(Rohdaten!$DX$143:$DX$150,Rohdaten!$D$143:$D$150,Gesamtranking!B24) -> 0 | F24: 4 | G24: =IFERROR(VLOOKUP(F24,Rohdaten!CU:EL,44,0),"DOPPEL") -> DOPPEL | H24: =SUMIFS(Rohdaten!$AR$143:$AR$150,Rohdaten!$D$143:$D$150,Gesamtranking!G24) -> 0 | K24: 4 | L24: =IFERROR(VLOOKUP(K24,Rohdaten!DZ:EL,13,0),"DOPPEL") -> DOPPEL | M24: =SUMIFS(Rohdaten!$AS$143:$AS$150,Rohdaten!$D$143:$D$150,Gesamtranking!L24) -> 0
A26: Pünkt
A28: Ranking | B28: Spieler | C28: Total Punkte | D28: Pokal | F28: Ranking | G28: Spieler | H28: ø Anzahl Punkte/Abend | I28: Pokal | K28: Ranking | L28: Spieler | M28: ø Anzahl Punkte/Spiel | N28: Pokal
A29: 1 | B29: =IFERROR(VLOOKUP(A29,Rohdaten!CV:EL,43,0),"DOPPEL") -> Goonse | C29: =SUMIFS(Rohdaten!$O$143:$O$150,Rohdaten!$D$143:$D$150,Gesamtranking!B29) -> 26192 | F29: 1 | G29: =IFERROR(VLOOKUP(F29,Rohdaten!CX:EL,41,0),"DOPPEL") -> Goonse | H29: =SUMIFS(Rohdaten!$CW$143:$CW$150,Rohdaten!$D$143:$D$150,Gesamtranking!G29) -> 13096 | K29: 1 | L29: =IFERROR(VLOOKUP(K29,Rohdaten!DW:EL,16,0),"DOPPEL") -> Goonse | M29: =SUMIFS(Rohdaten!$DV$143:$DV$150,Rohdaten!$D$143:$D$150,Gesamtranking!L29) -> 2910.2222
A30: 2 | B30: =IFERROR(VLOOKUP(A30,Rohdaten!CV:EL,43,0),"DOPPEL") -> DOPPEL | C30: =SUMIFS(Rohdaten!$O$143:$O$150,Rohdaten!$D$143:$D$150,Gesamtranking!B30) -> 0 | F30: 2 | G30: =IFERROR(VLOOKUP(F30,Rohdaten!CX:EL,41,0),"DOPPEL") -> DOPPEL | H30: =SUMIFS(Rohdaten!$CW$143:$CW$150,Rohdaten!$D$143:$D$150,Gesamtranking!G30) -> 0 | K30: 2 | L30: =IFERROR(VLOOKUP(K30,Rohdaten!DW:EL,16,0),"DOPPEL") -> DOPPEL | M30: =SUMIFS(Rohdaten!$DV$143:$DV$150,Rohdaten!$D$143:$D$150,Gesamtranking!L30) -> 0
A31: 3 | B31: =IFERROR(VLOOKUP(A31,Rohdaten!CV:EL,43,0),"DOPPEL") -> Fuchs | C31: =SUMIFS(Rohdaten!$O$143:$O$150,Rohdaten!$D$143:$D$150,Gesamtranking!B31) -> 25299 | F31: 3 | G31: =IFERROR(VLOOKUP(F31,Rohdaten!CX:EL,41,0),"DOPPEL") -> Fuchs | H31: =SUMIFS(Rohdaten!$CW$143:$CW$150,Rohdaten!$D$143:$D$150,Gesamtranking!G31) -> 12649.5 | K31: 3 | L31: =IFERROR(VLOOKUP(K31,Rohdaten!DW:EL,16,0),"DOPPEL") -> Fuchs | M31: =SUMIFS(Rohdaten!$DV$143:$DV$150,Rohdaten!$D$143:$D$150,Gesamtranking!L31) -> 2811
A32: 4 | B32: =IFERROR(VLOOKUP(A32,Rohdaten!CV:EL,43,0),"DOPPEL") -> DOPPEL | C32: =SUMIFS(Rohdaten!$O$143:$O$150,Rohdaten!$D$143:$D$150,Gesamtranking!B32) -> 0 | F32: 4 | G32: =IFERROR(VLOOKUP(F32,Rohdaten!CX:EL,41,0),"DOPPEL") -> DOPPEL | H32: =SUMIFS(Rohdaten!$CW$143:$CW$150,Rohdaten!$D$143:$D$150,Gesamtranking!G32) -> 0 | K32: 4 | L32: =IFERROR(VLOOKUP(K32,Rohdaten!DW:EL,16,0),"DOPPEL") -> DOPPEL | M32: =SUMIFS(Rohdaten!$DV$143:$DV$150,Rohdaten!$D$143:$D$150,Gesamtranking!L32) -> 0
A34: Mätsch
A36: Ranking | B36: Spieler | C36: Total Anzahl Match | D36: Pokal | F36: Ranking | G36: Spieler | H36: Total Punkte Match* | I36: Pokal | K36: Ranking | L36: Spieler | M36: Anzahl Match 1fach | N36: Pokal
A37: 1 | B37: =IFERROR(VLOOKUP(A37,Rohdaten!CY:EL,40,0),"DOPPEL") -> Goonse | C37: =SUMIFS(Rohdaten!$AO$143:$AO$150,Rohdaten!$D$143:$D$150,Gesamtranking!B37) -> 2 | F37: 1 | G37: =IFERROR(VLOOKUP(F37,Rohdaten!CZ:EL,39,0),"DOPPEL") -> Goonse | H37: =SUMIFS(Rohdaten!$CO$143:$CO$150,Rohdaten!$D$143:$D$150,Gesamtranking!G37) -> 1285 | K37: 1 | L37: =IFERROR(VLOOKUP(K37,Rohdaten!DA:EL,38,0),"DOPPEL") -> Fuchs | M37: =SUMIFS(Rohdaten!$AI$143:$AI$150,Rohdaten!$D$143:$D$150,Gesamtranking!L37) -> 0
A38: 2 | B38: =IFERROR(VLOOKUP(A38,Rohdaten!CY:EL,40,0),"DOPPEL") -> DOPPEL | C38: =SUMIFS(Rohdaten!$AO$143:$AO$150,Rohdaten!$D$143:$D$150,Gesamtranking!B38) -> 0 | F38: 2 | G38: =IFERROR(VLOOKUP(F38,Rohdaten!CZ:EL,39,0),"DOPPEL") -> DOPPEL | H38: =SUMIFS(Rohdaten!$CO$143:$CO$150,Rohdaten!$D$143:$D$150,Gesamtranking!G38) -> 0 | K38: 2 | L38: =IFERROR(VLOOKUP(K38,Rohdaten!DA:EL,38,0),"DOPPEL") -> DOPPEL | M38: =SUMIFS(Rohdaten!$AI$143:$AI$150,Rohdaten!$D$143:$D$150,Gesamtranking!L38) -> 0
A39: 3 | B39: =IFERROR(VLOOKUP(A39,Rohdaten!CY:EL,40,0),"DOPPEL") -> Fuchs | C39: =SUMIFS(Rohdaten!$AO$143:$AO$150,Rohdaten!$D$143:$D$150,Gesamtranking!B39) -> 0 | F39: 3 | G39: =IFERROR(VLOOKUP(F39,Rohdaten!CZ:EL,39,0),"DOPPEL") -> Fuchs | H39: =SUMIFS(Rohdaten!$CO$143:$CO$150,Rohdaten!$D$143:$D$150,Gesamtranking!G39) -> 0 | K39: 3 | L39: =IFERROR(VLOOKUP(K39,Rohdaten!DA:EL,38,0),"DOPPEL") -> DOPPEL | M39: =SUMIFS(Rohdaten!$AI$143:$AI$150,Rohdaten!$D$143:$D$150,Gesamtranking!L39) -> 0
A40: 4 | B40: =IFERROR(VLOOKUP(A40,Rohdaten!CY:EL,40,0),"DOPPEL") -> DOPPEL | C40: =SUMIFS(Rohdaten!$AO$143:$AO$150,Rohdaten!$D$143:$D$150,Gesamtranking!B40) -> 0 | F40: 4 | G40: =IFERROR(VLOOKUP(F40,Rohdaten!CZ:EL,39,0),"DOPPEL") -> DOPPEL | H40: =SUMIFS(Rohdaten!$CO$143:$CO$150,Rohdaten!$D$143:$D$150,Gesamtranking!G40) -> 0 | K40: 4 | L40: =IFERROR(VLOOKUP(K40,Rohdaten!DA:EL,38,0),"DOPPEL") -> DOPPEL | M40: =SUMIFS(Rohdaten!$AI$143:$AI$150,Rohdaten!$D$143:$D$150,Gesamtranking!L40) -> 0
A42: Ranking | B42: Spieler | C42: Anzahl Match 2fach | D42: Pokal | F42: Ranking | G42: Spieler | H42: Anzahl Match 3fach | I42: Pokal | K42: Ranking | L42: Spieler | M42: Anzahl Match 4fach | N42: Pokal
A43: 1 | B43: =IFERROR(VLOOKUP(A43,Rohdaten!DB:EL,37,0),"DOPPEL") -> Goonse | C43: =SUMIFS(Rohdaten!$AK$152:$AK$159,Rohdaten!$D$143:$D$150,Gesamtranking!B43) -> 1 | F43: 1 | G43: =IFERROR(VLOOKUP(F43,Rohdaten!DC:EL,36,0),"DOPPEL") -> Goonse | H43: =SUMIFS(Rohdaten!$AN$152:$AN$159,Rohdaten!$D$143:$D$150,Gesamtranking!G43) -> 1 | K43: 1 | L43: =IFERROR(VLOOKUP(K43,Rohdaten!DD:EL,35,0),"DOPPEL") -> Fuchs | M43: =SUMIFS(Rohdaten!$AL$143:$AL$150,Rohdaten!$D$143:$D$150,Gesamtranking!L43) -> 0
A44: 2 | B44: =IFERROR(VLOOKUP(A44,Rohdaten!DB:EL,37,0),"DOPPEL") -> DOPPEL | C44: =SUMIFS(Rohdaten!$AK$152:$AK$159,Rohdaten!$D$143:$D$150,Gesamtranking!B44) -> 0 | F44: 2 | G44: =IFERROR(VLOOKUP(F44,Rohdaten!DC:EL,36,0),"DOPPEL") -> DOPPEL | H44: =SUMIFS(Rohdaten!$AN$152:$AN$159,Rohdaten!$D$143:$D$150,Gesamtranking!G44) -> 0 | K44: 2 | L44: =IFERROR(VLOOKUP(K44,Rohdaten!DD:EL,35,0),"DOPPEL") -> DOPPEL | M44: =SUMIFS(Rohdaten!$AL$143:$AL$150,Rohdaten!$D$143:$D$150,Gesamtranking!L44) -> 0
A45: 3 | B45: =IFERROR(VLOOKUP(A45,Rohdaten!DB:EL,37,0),"DOPPEL") -> Fuchs | C45: =SUMIFS(Rohdaten!$AK$152:$AK$159,Rohdaten!$D$143:$D$150,Gesamtranking!B45) -> 0 | F45: 3 | G45: =IFERROR(VLOOKUP(F45,Rohdaten!DC:EL,36,0),"DOPPEL") -> Fuchs | H45: =SUMIFS(Rohdaten!$AN$152:$AN$159,Rohdaten!$D$143:$D$150,Gesamtranking!G45) -> 0 | K45: 3 | L45: =IFERROR(VLOOKUP(K45,Rohdaten!DD:EL,35,0),"DOPPEL") -> DOPPEL | M45: =SUMIFS(Rohdaten!$AL$143:$AL$150,Rohdaten!$D$143:$D$150,Gesamtranking!L45) -> 0
A46: 4 | B46: =IFERROR(VLOOKUP(A46,Rohdaten!DB:EL,37,0),"DOPPEL") -> DOPPEL | C46: =SUMIFS(Rohdaten!$AK$152:$AK$159,Rohdaten!$D$143:$D$150,Gesamtranking!B46) -> 0 | F46: 4 | G46: =IFERROR(VLOOKUP(F46,Rohdaten!DC:EL,36,0),"DOPPEL") -> DOPPEL | H46: =SUMIFS(Rohdaten!$AN$152:$AN$159,Rohdaten!$D$143:$D$150,Gesamtranking!G46) -> 0 | K46: 4 | L46: =IFERROR(VLOOKUP(K46,Rohdaten!DD:EL,35,0),"DOPPEL") -> DOPPEL | M46: =SUMIFS(Rohdaten!$AL$143:$AL$150,Rohdaten!$D$143:$D$150,Gesamtranking!L46) -> 0
A48: Wiise
A50: Ranking | B50: Spieler | C50: Total Punkte Weisen* | D50: Pokal | F50: Ranking | G50: Spieler | H50: Anzahl Weisen 20er | I50: Pokal | K50: Ranking | L50: Spieler | M50: Punkte Weisen 20er* | N50: Pokal
A51: 1 | B51: =IFERROR(VLOOKUP(A51,Rohdaten!DE:EL,34,0),"DOPPEL") -> Chäli | C51: =SUMIFS(Rohdaten!$CJ$143:$CJ$150,Rohdaten!$D$143:$D$150,Gesamtranking!B51) -> 3820 | F51: 1 | G51: =IFERROR(VLOOKUP(F51,Rohdaten!DF:EL,33,0),"DOPPEL") -> Chäli | H51: =SUMIFS(Rohdaten!$BA$143:$BA$150,Rohdaten!$D$143:$D$150,Gesamtranking!G51) -> 22 | K51: 1 | L51: =IFERROR(VLOOKUP(K51,Rohdaten!DG:EL,32,0),"DOPPEL") -> Chäli | M51: =SUMIFS(Rohdaten!$CE$143:$CE$150,Rohdaten!$D$143:$D$150,Gesamtranking!L51) -> 1220
A52: 2 | B52: =IFERROR(VLOOKUP(A52,Rohdaten!DE:EL,34,0),"DOPPEL") -> Goonse | C52: =SUMIFS(Rohdaten!$CJ$143:$CJ$150,Rohdaten!$D$143:$D$150,Gesamtranking!B52) -> 2020 | F52: 2 | G52: =IFERROR(VLOOKUP(F52,Rohdaten!DF:EL,33,0),"DOPPEL") -> Fuchs | H52: =SUMIFS(Rohdaten!$BA$143:$BA$150,Rohdaten!$D$143:$D$150,Gesamtranking!G52) -> 15 | K52: 2 | L52: =IFERROR(VLOOKUP(K52,Rohdaten!DG:EL,32,0),"DOPPEL") -> Küng | M52: =SUMIFS(Rohdaten!$CE$143:$CE$150,Rohdaten!$D$143:$D$150,Gesamtranking!L52) -> 940
A53: 3 | B53: =IFERROR(VLOOKUP(A53,Rohdaten!DE:EL,34,0),"DOPPEL") -> Küng | C53: =SUMIFS(Rohdaten!$CJ$143:$CJ$150,Rohdaten!$D$143:$D$150,Gesamtranking!B53) -> 1740 | F53: 3 | G53: =IFERROR(VLOOKUP(F53,Rohdaten!DF:EL,33,0),"DOPPEL") -> Küng | H53: =SUMIFS(Rohdaten!$BA$143:$BA$150,Rohdaten!$D$143:$D$150,Gesamtranking!G53) -> 14 | K53: 3 | L53: =IFERROR(VLOOKUP(K53,Rohdaten!DG:EL,32,0),"DOPPEL") -> Fuchs | M53: =SUMIFS(Rohdaten!$CE$143:$CE$150,Rohdaten!$D$143:$D$150,Gesamtranking!L53) -> 900
A54: 4 | B54: =IFERROR(VLOOKUP(A54,Rohdaten!DE:EL,34,0),"DOPPEL") -> Fuchs | C54: =SUMIFS(Rohdaten!$CJ$143:$CJ$150,Rohdaten!$D$143:$D$150,Gesamtranking!B54) -> 1300 | F54: 4 | G54: =IFERROR(VLOOKUP(F54,Rohdaten!DF:EL,33,0),"DOPPEL") -> Goonse | H54: =SUMIFS(Rohdaten!$BA$143:$BA$150,Rohdaten!$D$143:$D$150,Gesamtranking!G54) -> 12 | K54: 4 | L54: =IFERROR(VLOOKUP(K54,Rohdaten!DG:EL,32,0),"DOPPEL") -> Goonse | M54: =SUMIFS(Rohdaten!$CE$143:$CE$150,Rohdaten!$D$143:$D$150,Gesamtranking!L54) -> 720
A56: Ranking | B56: Spieler | C56: Anzahl Weisen 50er | D56: Pokal | F56: Ranking | G56: Spieler | H56: Punkte Weisen 50er* | I56: Pokal | K56: Ranking | L56: Spieler | M56: Anz. Weisen 100er | N56: Pokal
A57: 1 | B57: =IFERROR(VLOOKUP(A57,Rohdaten!DH:EL,31,0),"DOPPEL") -> Chäli | C57: =SUMIFS(Rohdaten!$BH$143:$BH$150,Rohdaten!$D$143:$D$150,Gesamtranking!B57) -> 4 | F57: 1 | G57: =IFERROR(VLOOKUP(F57,Rohdaten!DI:EL,30,0),"DOPPEL") -> Chäli | H57: =SUMIFS(Rohdaten!$CF$143:$CF$150,Rohdaten!$D$143:$D$150,Gesamtranking!G57) -> 450 | K57: 1 | L57: =IFERROR(VLOOKUP(K57,Rohdaten!DJ:EL,29,0),"DOPPEL") -> Chäli | M57: =SUMIFS(Rohdaten!$BO$143:$BO$150,Rohdaten!$D$143:$D$150,Gesamtranking!L57) -> 4
A58: 2 | B58: =IFERROR(VLOOKUP(A58,Rohdaten!DH:EL,31,0),"DOPPEL") -> Küng | C58: =SUMIFS(Rohdaten!$BH$143:$BH$150,Rohdaten!$D$143:$D$150,Gesamtranking!B58) -> 2 | F58: 2 | G58: =IFERROR(VLOOKUP(F58,Rohdaten!DI:EL,30,0),"DOPPEL") -> Küng | H58: =SUMIFS(Rohdaten!$CF$143:$CF$150,Rohdaten!$D$143:$D$150,Gesamtranking!G58) -> 400 | K58: 2 | L58: =IFERROR(VLOOKUP(K58,Rohdaten!DJ:EL,29,0),"DOPPEL") -> Goonse | M58: =SUMIFS(Rohdaten!$BO$143:$BO$150,Rohdaten!$D$143:$D$150,Gesamtranking!L58) -> 2
A59: 3 | B59: =IFERROR(VLOOKUP(A59,Rohdaten!DH:EL,31,0),"DOPPEL") -> Fuchs | C59: =SUMIFS(Rohdaten!$BH$143:$BH$150,Rohdaten!$D$143:$D$150,Gesamtranking!B59) -> 1 | F59: 3 | G59: =IFERROR(VLOOKUP(F59,Rohdaten!DI:EL,30,0),"DOPPEL") -> Fuchs | H59: =SUMIFS(Rohdaten!$CF$143:$CF$150,Rohdaten!$D$143:$D$150,Gesamtranking!G59) -> 200 | K59: 3 | L59: =IFERROR(VLOOKUP(K59,Rohdaten!DJ:EL,29,0),"DOPPEL") -> Fuchs | M59: =SUMIFS(Rohdaten!$BO$143:$BO$150,Rohdaten!$D$143:$D$150,Gesamtranking!L59) -> 1
A60: 4 | B60: =IFERROR(VLOOKUP(A60,Rohdaten!DH:EL,31,0),"DOPPEL") -> DOPPEL | C60: =SUMIFS(Rohdaten!$BH$143:$BH$150,Rohdaten!$D$143:$D$150,Gesamtranking!B60) -> 0 | F60: 4 | G60: =IFERROR(VLOOKUP(F60,Rohdaten!DI:EL,30,0),"DOPPEL") -> Goonse | H60: =SUMIFS(Rohdaten!$CF$143:$CF$150,Rohdaten!$D$143:$D$150,Gesamtranking!G60) -> 100 | K60: 4 | L60: =IFERROR(VLOOKUP(K60,Rohdaten!DJ:EL,29,0),"DOPPEL") -> DOPPEL | M60: =SUMIFS(Rohdaten!$BO$143:$BO$150,Rohdaten!$D$143:$D$150,Gesamtranking!L60) -> 0
A62: Ranking | B62: Spieler | C62: Punkte Weisen 100er* | D62: Pokal | F62: Ranking | G62: Spieler | H62: Anz. Weisen 150er | I62: Pokal | K62: Ranking | L62: Spieler | M62: Punkte Weisen 150er* | N62: Pokal
A63: 1 | B63: =IFERROR(VLOOKUP(A63,Rohdaten!DK:EL,28,0),"DOPPEL") -> Chäli | C63: =SUMIFS(Rohdaten!$CG$143:$CG$150,Rohdaten!$D$143:$D$150,Gesamtranking!B63) -> 1100 | F63: 1 | G63: =IFERROR(VLOOKUP(F63,Rohdaten!DL:EL,27,0),"DOPPEL") -> Chäli | H63: =SUMIFS(Rohdaten!$BV$143:$BV$150,Rohdaten!$D$143:$D$150,Gesamtranking!G63) -> 2 | K63: 1 | L63: =IFERROR(VLOOKUP(K63,Rohdaten!DM:EL,26,0),"DOPPEL") -> Chäli | M63: =SUMIFS(Rohdaten!$CH$143:$CH$150,Rohdaten!$D$143:$D$150,Gesamtranking!L63) -> 1050
A64: 2 | B64: =IFERROR(VLOOKUP(A64,Rohdaten!DK:EL,28,0),"DOPPEL") -> Goonse | C64: =SUMIFS(Rohdaten!$CG$143:$CG$150,Rohdaten!$D$143:$D$150,Gesamtranking!B64) -> 600 | F64: 2 | G64: =IFERROR(VLOOKUP(F64,Rohdaten!DL:EL,27,0),"DOPPEL") -> Goonse | H64: =SUMIFS(Rohdaten!$BV$143:$BV$150,Rohdaten!$D$143:$D$150,Gesamtranking!G64) -> 1 | K64: 2 | L64: =IFERROR(VLOOKUP(K64,Rohdaten!DM:EL,26,0),"DOPPEL") -> Goonse | M64: =SUMIFS(Rohdaten!$CH$143:$CH$150,Rohdaten!$D$143:$D$150,Gesamtranking!L64) -> 600
A65: 3 | B65: =IFERROR(VLOOKUP(A65,Rohdaten!DK:EL,28,0),"DOPPEL") -> Küng | C65: =SUMIFS(Rohdaten!$CG$143:$CG$150,Rohdaten!$D$143:$D$150,Gesamtranking!B65) -> 400 | F65: 3 | G65: =IFERROR(VLOOKUP(F65,Rohdaten!DL:EL,27,0),"DOPPEL") -> Fuchs | H65: =SUMIFS(Rohdaten!$BV$143:$BV$150,Rohdaten!$D$143:$D$150,Gesamtranking!G65) -> 0 | K65: 3 | L65: =IFERROR(VLOOKUP(K65,Rohdaten!DM:EL,26,0),"DOPPEL") -> Fuchs | M65: =SUMIFS(Rohdaten!$CH$143:$CH$150,Rohdaten!$D$143:$D$150,Gesamtranking!L65) -> 0
A66: 4 | B66: =IFERROR(VLOOKUP(A66,Rohdaten!DK:EL,28,0),"DOPPEL") -> Fuchs | C66: =SUMIFS(Rohdaten!$CG$143:$CG$150,Rohdaten!$D$143:$D$150,Gesamtranking!B66) -> 200 | F66: 4 | G66: =IFERROR(VLOOKUP(F66,Rohdaten!DL:EL,27,0),"DOPPEL") -> DOPPEL | H66: =SUMIFS(Rohdaten!$BV$143:$BV$150,Rohdaten!$D$143:$D$150,Gesamtranking!G66) -> 0 | K66: 4 | L66: =IFERROR(VLOOKUP(K66,Rohdaten!DM:EL,26,0),"DOPPEL") -> DOPPEL | M66: =SUMIFS(Rohdaten!$CH$143:$CH$150,Rohdaten!$D$143:$D$150,Gesamtranking!L66) -> 0
A68: Ranking | B68: Spieler | C68: Anz. Weisen 200er | D68: Pokal | F68: Ranking | G68: Spieler | H68: Punkte Weisen 200er* | I68: Pokal | K68: * die Punkte wurden inkl. dem Multiplikator berechnet
A69: 1 | B69: =IFERROR(VLOOKUP(A69,Rohdaten!DN:EL,25,0),"DOPPEL") -> Fuchs | C69: =SUMIFS(Rohdaten!$CC$143:$CC$150,Rohdaten!$D$143:$D$150,Gesamtranking!B69) -> 0 | F69: 1 | G69: =IFERROR(VLOOKUP(F69,Rohdaten!DO:EL,24,0),"DOPPEL") -> Fuchs | H69: =SUMIFS(Rohdaten!$CI$143:$CI$150,Rohdaten!$D$143:$D$150,Gesamtranking!G69) -> 0 | K69: Multiplikator: | L69: Eicheln = 1fach
A70: 2 | B70: =IFERROR(VLOOKUP(A70,Rohdaten!DN:EL,25,0),"DOPPEL") -> DOPPEL | C70: =SUMIFS(Rohdaten!$CC$143:$CC$150,Rohdaten!$D$143:$D$150,Gesamtranking!B70) -> 0 | F70: 2 | G70: =IFERROR(VLOOKUP(F70,Rohdaten!DO:EL,24,0),"DOPPEL") -> DOPPEL | H70: =SUMIFS(Rohdaten!$CI$143:$CI$150,Rohdaten!$D$143:$D$150,Gesamtranking!G70) -> 0 | L70: Schelle/Schilte = 2fach
A71: 3 | B71: =IFERROR(VLOOKUP(A71,Rohdaten!DN:EL,25,0),"DOPPEL") -> DOPPEL | C71: =SUMIFS(Rohdaten!$CC$143:$CC$150,Rohdaten!$D$143:$D$150,Gesamtranking!B71) -> 0 | F71: 3 | G71: =IFERROR(VLOOKUP(F71,Rohdaten!DO:EL,24,0),"DOPPEL") -> DOPPEL | H71: =SUMIFS(Rohdaten!$CI$143:$CI$150,Rohdaten!$D$143:$D$150,Gesamtranking!G71) -> 0 | L71: Une/Obe = 3fach
A72: 4 | B72: =IFERROR(VLOOKUP(A72,Rohdaten!DN:EL,25,0),"DOPPEL") -> DOPPEL | C72: =SUMIFS(Rohdaten!$CC$143:$CC$150,Rohdaten!$D$143:$D$150,Gesamtranking!B72) -> 0 | F72: 4 | G72: =IFERROR(VLOOKUP(F72,Rohdaten!DO:EL,24,0),"DOPPEL") -> DOPPEL | H72: =SUMIFS(Rohdaten!$CI$143:$CI$150,Rohdaten!$D$143:$D$150,Gesamtranking!G72) -> 0 | L72: Rose = 4fach
A74: Übriges
A76: Ranking | B76: Spieler | C76: Anz. Tagessiege | D76: Pokal | F76: Ranking | G76: Spieler | H76: Anz. Teilnahmen | I76: Pokal | K76: Ranking | L76: Spieler | M76: Total Spenden | N76: Pokal
A77: 1 | B77: =IFERROR(VLOOKUP(A77,Rohdaten!DQ:EL,22,0),"DOPPEL") -> Goonse | C77: =SUMIFS(Rohdaten!$DP$143:$DP$150,Rohdaten!$D$143:$D$150,Gesamtranking!B77) -> 2 | F77: 1 | G77: =IFERROR(VLOOKUP(F77,Rohdaten!DR:EL,21,0),"DOPPEL") -> Fuchs | H77: =SUMIFS(Rohdaten!$R$143:$R$150,Rohdaten!$D$143:$D$150,Gesamtranking!G77) -> 2 | K77: 1 | L77: =IFERROR(VLOOKUP(K77,Rohdaten!DS:EL,20,0),"DOPPEL") -> Goonse | M77: =SUMIFS(Rohdaten!$AT$143:$AT$150,Rohdaten!$D$143:$D$150,Gesamtranking!L77) -> 0
A78: 2 | B78: =IFERROR(VLOOKUP(A78,Rohdaten!DQ:EL,22,0),"DOPPEL") -> DOPPEL | C78: =SUMIFS(Rohdaten!$DP$143:$DP$150,Rohdaten!$D$143:$D$150,Gesamtranking!B78) -> 0 | F78: 2 | G78: =IFERROR(VLOOKUP(F78,Rohdaten!DR:EL,21,0),"DOPPEL") -> DOPPEL | H78: =SUMIFS(Rohdaten!$R$143:$R$150,Rohdaten!$D$143:$D$150,Gesamtranking!G78) -> 0 | K78: 2 | L78: =IFERROR(VLOOKUP(K78,Rohdaten!DS:EL,20,0),"DOPPEL") -> DOPPEL | M78: =SUMIFS(Rohdaten!$AT$143:$AT$150,Rohdaten!$D$143:$D$150,Gesamtranking!L78) -> 0
A79: 3 | B79: =IFERROR(VLOOKUP(A79,Rohdaten!DQ:EL,22,0),"DOPPEL") -> Fuchs | C79: =SUMIFS(Rohdaten!$DP$143:$DP$150,Rohdaten!$D$143:$D$150,Gesamtranking!B79) -> 0 | F79: 3 | G79: =IFERROR(VLOOKUP(F79,Rohdaten!DR:EL,21,0),"DOPPEL") -> DOPPEL | H79: =SUMIFS(Rohdaten!$R$143:$R$150,Rohdaten!$D$143:$D$150,Gesamtranking!G79) -> 0 | K79: 3 | L79: =IFERROR(VLOOKUP(K79,Rohdaten!DS:EL,20,0),"DOPPEL") -> Fuchs | M79: =SUMIFS(Rohdaten!$AT$143:$AT$150,Rohdaten!$D$143:$D$150,Gesamtranking!L79) -> 70
A80: 4 | B80: =IFERROR(VLOOKUP(A80,Rohdaten!DQ:EL,22,0),"DOPPEL") -> DOPPEL | C80: =SUMIFS(Rohdaten!$DP$143:$DP$150,Rohdaten!$D$143:$D$150,Gesamtranking!B80) -> 0 | F80: 4 | G80: =IFERROR(VLOOKUP(F80,Rohdaten!DR:EL,21,0),"DOPPEL") -> DOPPEL | H80: =SUMIFS(Rohdaten!$R$143:$R$150,Rohdaten!$D$143:$D$150,Gesamtranking!G80) -> 0 | K80: 4 | L80: =IFERROR(VLOOKUP(K80,Rohdaten!DS:EL,20,0),"DOPPEL") -> DOPPEL | M80: =SUMIFS(Rohdaten!$AT$143:$AT$150,Rohdaten!$D$143:$D$150,Gesamtranking!L80) -> 0
A82: Ranking | B82: Spieler | C82: ø Spende/Abend | D82: Pokal | F82: Ranking | G82: Spieler | H82: Anz. Rundensiege | I82: Pokal | K82: Ranking | L82: Spieler | M82: JFK | N82: Pokal
A83: 1 | B83: =IFERROR(VLOOKUP(A83,Rohdaten!DU:EL,18,0),"DOPPEL") -> Goonse | C83: =SUMIFS(Rohdaten!$DT$143:$DT$150,Rohdaten!$D$143:$D$150,Gesamtranking!B83) -> 0 | F83: 1 | G83: =IFERROR(VLOOKUP(F83,Rohdaten!EA:EL,12,0),"DOPPEL") -> Goonse | H83: =SUMIFS(Rohdaten!$Q$143:$Q$150,Rohdaten!$D$143:$D$150,Gesamtranking!G83) -> 5 | K83: 1 | L83: =IFERROR(VLOOKUP(K83,Rohdaten!EB:EL,11,0),"DOPPEL") -> Fuchs | M83: =SUMIFS(Rohdaten!$U$143:$U$150,Rohdaten!$D$143:$D$150,Gesamtranking!L83) -> 0
A84: 2 | B84: =IFERROR(VLOOKUP(A84,Rohdaten!DU:EL,18,0),"DOPPEL") -> DOPPEL | C84: =SUMIFS(Rohdaten!$DT$143:$DT$150,Rohdaten!$D$143:$D$150,Gesamtranking!B84) -> 0 | F84: 2 | G84: =IFERROR(VLOOKUP(F84,Rohdaten!EA:EL,12,0),"DOPPEL") -> DOPPEL | H84: =SUMIFS(Rohdaten!$Q$143:$Q$150,Rohdaten!$D$143:$D$150,Gesamtranking!G84) -> 0 | K84: 2 | L84: =IFERROR(VLOOKUP(K84,Rohdaten!EB:EL,11,0),"DOPPEL") -> Küng | M84: =SUMIFS(Rohdaten!$U$143:$U$150,Rohdaten!$D$143:$D$150,Gesamtranking!L84) -> 1
A85: 3 | B85: =IFERROR(VLOOKUP(A85,Rohdaten!DU:EL,18,0),"DOPPEL") -> Fuchs | C85: =SUMIFS(Rohdaten!$DT$143:$DT$150,Rohdaten!$D$143:$D$150,Gesamtranking!B85) -> 35 | F85: 3 | G85: =IFERROR(VLOOKUP(F85,Rohdaten!EA:EL,12,0),"DOPPEL") -> Fuchs | H85: =SUMIFS(Rohdaten!$Q$143:$Q$150,Rohdaten!$D$143:$D$150,Gesamtranking!G85) -> 4 | K85: 3 | L85: =IFERROR(VLOOKUP(K85,Rohdaten!EB:EL,11,0),"DOPPEL") -> DOPPEL | M85: =SUMIFS(Rohdaten!$U$143:$U$150,Rohdaten!$D$143:$D$150,Gesamtranking!L85) -> 0
A86: 4 | B86: =IFERROR(VLOOKUP(A86,Rohdaten!DU:EL,18,0),"DOPPEL") -> DOPPEL | C86: =SUMIFS(Rohdaten!$DT$143:$DT$150,Rohdaten!$D$143:$D$150,Gesamtranking!B86) -> 0 | F86: 4 | G86: =IFERROR(VLOOKUP(F86,Rohdaten!EA:EL,12,0),"DOPPEL") -> DOPPEL | H86: =SUMIFS(Rohdaten!$Q$143:$Q$150,Rohdaten!$D$143:$D$150,Gesamtranking!G86) -> 0 | K86: 4 | L86: =IFERROR(VLOOKUP(K86,Rohdaten!EB:EL,11,0),"DOPPEL") -> Goonse | M86: =SUMIFS(Rohdaten!$U$143:$U$150,Rohdaten!$D$143:$D$150,Gesamtranking!L86) -> 3

Sheet Einzelabend
A1: ="Übersicht Jassabend" -> Übersicht Jassabend
A3: Datum: | C3: 46111
F4: Vorhand/Rückhand | M4: Weisen
C5: Player | D5: Vorhand % | E5: Wiis p.P. | F5: Eichle | G5: Schelle | H5: Schilten | I5: Rose | J5: Une | K5: Obe | M5: Eichlen | N5: Schelle | O5: Schilten | P5: Rose | Q5: Une | R5: Obe
A6: Team 1 | B6: =$C$3&A6 -> 46111Team 1 | C6: =VLOOKUP(B6,Rohdaten!C:D,2,0) -> Fuchs | D6: =SUMIFS(Rohdaten!AH:AH,Rohdaten!C:C,Einzelabend!B6,Rohdaten!D:D,Einzelabend!C6) -> 0.125 | E6: =SUMIFS(Rohdaten!$CJ:$CJ,Rohdaten!$A:$A,Einzelabend!$C$3,Rohdaten!$D:$D,Einzelabend!$C6) -> 500 | F6: =SUMIFS(Rohdaten!V:V,Rohdaten!$A:$A,Einzelabend!$C$3,Rohdaten!$D:$D,Einzelabend!$C6)+SUMIFS(Rohdaten!$AB:$AB,Rohdaten!$A:$A,Einzelabend!$C$3,Rohdaten!$D:$D,Einzelabend!$C6) -> 1 | G6: =SUMIFS(Rohdaten!W:W,Rohdaten!$A:$A,Einzelabend!$C$3,Rohdaten!$D:$D,Einzelabend!$C6)+SUMIFS(Rohdaten!$AC:$AC,Rohdaten!$A:$A,Einzelabend!$C$3,Rohdaten!$D:$D,Einzelabend!$C6) -> 1 | H6: =SUMIFS(Rohdaten!X:X,Rohdaten!$A:$A,Einzelabend!$C$3,Rohdaten!$D:$D,Einzelabend!$C6)+SUMIFS(Rohdaten!$AD:$AD,Rohdaten!$A:$A,Einzelabend!$C$3,Rohdaten!$D:$D,Einzelabend!$C6) -> 0 | I6: =SUMIFS(Rohdaten!Y:Y,Rohdaten!$A:$A,Einzelabend!$C$3,Rohdaten!$D:$D,Einzelabend!$C6)+SUMIFS(Rohdaten!$AE:$AE,Rohdaten!$A:$A,Einzelabend!$C$3,Rohdaten!$D:$D,Einzelabend!$C6) -> 2 | J6: =SUMIFS(Rohdaten!Z:Z,Rohdaten!$A:$A,Einzelabend!$C$3,Rohdaten!$D:$D,Einzelabend!$C6)+SUMIFS(Rohdaten!$AF:$AF,Rohdaten!$A:$A,Einzelabend!$C$3,Rohdaten!$D:$D,Einzelabend!$C6) -> 1 | K6: =SUMIFS(Rohdaten!AA:AA,Rohdaten!$A:$A,Einzelabend!$C$3,Rohdaten!$D:$D,Einzelabend!$C6)+SUMIFS(Rohdaten!$AG:$AG,Rohdaten!$A:$A,Einzelabend!$C$3,Rohdaten!$D:$D,Einzelabend!$C6) -> 1 | M6: =(SUMIFS(Rohdaten!AU:AU,Rohdaten!$A:$A,Einzelabend!$C$3,Rohdaten!$D:$D,Einzelabend!$C6))+(SUMIFS(Rohdaten!BB:BB,Rohdaten!$A:$A,Einzelabend!$C$3,Rohdaten!$D:$D,Einzelabend!$C6))+(SUMIFS(Rohdaten!BI:BI,Rohdaten!$A:$A,Einzelabend!$C$3,Rohdaten!$D:$D,Einzelabend!$C6))+(SUMIFS(Rohdaten!BP:BP,Rohdaten!$A:$A,Einzelabend!$C$3,Rohdaten!$D:$D,Einzelabend!$C6))+(SUMIFS(Rohdaten!BW:BW,Rohdaten!$A:$A,Einzelabend!$C$3,Rohdaten!$D:$D,Einzelabend!$C6)) -> 0 | N6: =(SUMIFS(Rohdaten!AV:AV,Rohdaten!$A:$A,Einzelabend!$C$3,Rohdaten!$D:$D,Einzelabend!$C6))+(SUMIFS(Rohdaten!BC:BC,Rohdaten!$A:$A,Einzelabend!$C$3,Rohdaten!$D:$D,Einzelabend!$C6))+(SUMIFS(Rohdaten!BJ:BJ,Rohdaten!$A:$A,Einzelabend!$C$3,Rohdaten!$D:$D,Einzelabend!$C6))+(SUMIFS(Rohdaten!BQ:BQ,Rohdaten!$A:$A,Einzelabend!$C$3,Rohdaten!$D:$D,Einzelabend!$C6))+(SUMIFS(Rohdaten!BX:BX,Rohdaten!$A:$A,Einzelabend!$C$3,Rohdaten!$D:$D,Einzelabend!$C6)) -> 1 | O6: =(SUMIFS(Rohdaten!AW:AW,Rohdaten!$A:$A,Einzelabend!$C$3,Rohdaten!$D:$D,Einzelabend!$C6))+(SUMIFS(Rohdaten!BD:BD,Rohdaten!$A:$A,Einzelabend!$C$3,Rohdaten!$D:$D,Einzelabend!$C6))+(SUMIFS(Rohdaten!BK:BK,Rohdaten!$A:$A,Einzelabend!$C$3,Rohdaten!$D:$D,Einzelabend!$C6))+(SUMIFS(Rohdaten!BR:BR,Rohdaten!$A:$A,Einzelabend!$C$3,Rohdaten!$D:$D,Einzelabend!$C6))+(SUMIFS(Rohdaten!BY:BY,Rohdaten!$A:$A,Einzelabend!$C$3,Rohdaten!$D:$D,Einzelabend!$C6)) -> 0 | P6: =(SUMIFS(Rohdaten!AX:AX,Rohdaten!$A:$A,Einzelabend!$C$3,Rohdaten!$D:$D,Einzelabend!$C6))+(SUMIFS(Rohdaten!BE:BE,Rohdaten!$A:$A,Einzelabend!$C$3,Rohdaten!$D:$D,Einzelabend!$C6))+(SUMIFS(Rohdaten!BL:BL,Rohdaten!$A:$A,Einzelabend!$C$3,Rohdaten!$D:$D,Einzelabend!$C6))+(SUMIFS(Rohdaten!BS:BS,Rohdaten!$A:$A,Einzelabend!$C$3,Rohdaten!$D:$D,Einzelabend!$C6))+(SUMIFS(Rohdaten!BZ:BZ,Rohdaten!$A:$A,Einzelabend!$C$3,Rohdaten!$D:$D,Einzelabend!$C6)) -> 3 | Q6: =(SUMIFS(Rohdaten!AY:AY,Rohdaten!$A:$A,Einzelabend!$C$3,Rohdaten!$D:$D,Einzelabend!$C6))+(SUMIFS(Rohdaten!BF:BF,Rohdaten!$A:$A,Einzelabend!$C$3,Rohdaten!$D:$D,Einzelabend!$C6))+(SUMIFS(Rohdaten!BM:BM,Rohdaten!$A:$A,Einzelabend!$C$3,Rohdaten!$D:$D,Einzelabend!$C6))+(SUMIFS(Rohdaten!BT:BT,Rohdaten!$A:$A,Einzelabend!$C$3,Rohdaten!$D:$D,Einzelabend!$C6))+(SUMIFS(Rohdaten!CA:CA,Rohdaten!$A:$A,Einzelabend!$C$3,Rohdaten!$D:$D,Einzelabend!$C6)) -> 0 | R6: =(SUMIFS(Rohdaten!AZ:AZ,Rohdaten!$A:$A,Einzelabend!$C$3,Rohdaten!$D:$D,Einzelabend!$C6))+(SUMIFS(Rohdaten!BG:BG,Rohdaten!$A:$A,Einzelabend!$C$3,Rohdaten!$D:$D,Einzelabend!$C6))+(SUMIFS(Rohdaten!BN:BN,Rohdaten!$A:$A,Einzelabend!$C$3,Rohdaten!$D:$D,Einzelabend!$C6))+(SUMIFS(Rohdaten!BU:BU,Rohdaten!$A:$A,Einzelabend!$C$3,Rohdaten!$D:$D,Einzelabend!$C6))+(SUMIFS(Rohdaten!CB:CB,Rohdaten!$A:$A,Einzelabend!$C$3,Rohdaten!$D:$D,Einzelabend!$C6)) -> 1
A7: Team 1.1 | B7: =$C$3&A7 -> 46111Team 1.1 | C7: =VLOOKUP(B7,Rohdaten!C:D,2,0) -> Küng | D7: =SUMIFS(Rohdaten!AH:AH,Rohdaten!C:C,Einzelabend!B7,Rohdaten!D:D,Einzelabend!C7) -> 0.375 | E7: =SUMIFS(Rohdaten!$CJ:$CJ,Rohdaten!$A:$A,Einzelabend!$C$3,Rohdaten!$D:$D,Einzelabend!$C7) -> 400 | F7: =SUMIFS(Rohdaten!V:V,Rohdaten!$A:$A,Einzelabend!$C$3,Rohdaten!$D:$D,Einzelabend!$C7)+SUMIFS(Rohdaten!$AB:$AB,Rohdaten!$A:$A,Einzelabend!$C$3,Rohdaten!$D:$D,Einzelabend!$C7) -> 0 | G7: =SUMIFS(Rohdaten!W:W,Rohdaten!$A:$A,Einzelabend!$C$3,Rohdaten!$D:$D,Einzelabend!$C7)+SUMIFS(Rohdaten!$AC:$AC,Rohdaten!$A:$A,Einzelabend!$C$3,Rohdaten!$D:$D,Einzelabend!$C7) -> 0 | H7: =SUMIFS(Rohdaten!X:X,Rohdaten!$A:$A,Einzelabend!$C$3,Rohdaten!$D:$D,Einzelabend!$C7)+SUMIFS(Rohdaten!$AD:$AD,Rohdaten!$A:$A,Einzelabend!$C$3,Rohdaten!$D:$D,Einzelabend!$C7) -> 2 | I7: =SUMIFS(Rohdaten!Y:Y,Rohdaten!$A:$A,Einzelabend!$C$3,Rohdaten!$D:$D,Einzelabend!$C7)+SUMIFS(Rohdaten!$AE:$AE,Rohdaten!$A:$A,Einzelabend!$C$3,Rohdaten!$D:$D,Einzelabend!$C7) -> 4 | J7: =SUMIFS(Rohdaten!Z:Z,Rohdaten!$A:$A,Einzelabend!$C$3,Rohdaten!$D:$D,Einzelabend!$C7)+SUMIFS(Rohdaten!$AF:$AF,Rohdaten!$A:$A,Einzelabend!$C$3,Rohdaten!$D:$D,Einzelabend!$C7) -> 1 | K7: =SUMIFS(Rohdaten!AA:AA,Rohdaten!$A:$A,Einzelabend!$C$3,Rohdaten!$D:$D,Einzelabend!$C7)+SUMIFS(Rohdaten!$AG:$AG,Rohdaten!$A:$A,Einzelabend!$C$3,Rohdaten!$D:$D,Einzelabend!$C7) -> 3 | M7: =(SUMIFS(Rohdaten!AU:AU,Rohdaten!$A:$A,Einzelabend!$C$3,Rohdaten!$D:$D,Einzelabend!$C7))+(SUMIFS(Rohdaten!BB:BB,Rohdaten!$A:$A,Einzelabend!$C$3,Rohdaten!$D:$D,Einzelabend!$C7))+(SUMIFS(Rohdaten!BI:BI,Rohdaten!$A:$A,Einzelabend!$C$3,Rohdaten!$D:$D,Einzelabend!$C7))+(SUMIFS(Rohdaten!BP:BP,Rohdaten!$A:$A,Einzelabend!$C$3,Rohdaten!$D:$D,Einzelabend!$C7))+(SUMIFS(Rohdaten!BW:BW,Rohdaten!$A:$A,Einzelabend!$C$3,Rohdaten!$D:$D,Einzelabend!$C7)) -> 0 | N7: =(SUMIFS(Rohdaten!AV:AV,Rohdaten!$A:$A,Einzelabend!$C$3,Rohdaten!$D:$D,Einzelabend!$C7))+(SUMIFS(Rohdaten!BC:BC,Rohdaten!$A:$A,Einzelabend!$C$3,Rohdaten!$D:$D,Einzelabend!$C7))+(SUMIFS(Rohdaten!BJ:BJ,Rohdaten!$A:$A,Einzelabend!$C$3,Rohdaten!$D:$D,Einzelabend!$C7))+(SUMIFS(Rohdaten!BQ:BQ,Rohdaten!$A:$A,Einzelabend!$C$3,Rohdaten!$D:$D,Einzelabend!$C7))+(SUMIFS(Rohdaten!BX:BX,Rohdaten!$A:$A,Einzelabend!$C$3,Rohdaten!$D:$D,Einzelabend!$C7)) -> 0 | O7: =(SUMIFS(Rohdaten!AW:AW,Rohdaten!$A:$A,Einzelabend!$C$3,Rohdaten!$D:$D,Einzelabend!$C7))+(SUMIFS(Rohdaten!BD:BD,Rohdaten!$A:$A,Einzelabend!$C$3,Rohdaten!$D:$D,Einzelabend!$C7))+(SUMIFS(Rohdaten!BK:BK,Rohdaten!$A:$A,Einzelabend!$C$3,Rohdaten!$D:$D,Einzelabend!$C7))+(SUMIFS(Rohdaten!BR:BR,Rohdaten!$A:$A,Einzelabend!$C$3,Rohdaten!$D:$D,Einzelabend!$C7))+(SUMIFS(Rohdaten!BY:BY,Rohdaten!$A:$A,Einzelabend!$C$3,Rohdaten!$D:$D,Einzelabend!$C7)) -> 1 | P7: =(SUMIFS(Rohdaten!AX:AX,Rohdaten!$A:$A,Einzelabend!$C$3,Rohdaten!$D:$D,Einzelabend!$C7))+(SUMIFS(Rohdaten!BE:BE,Rohdaten!$A:$A,Einzelabend!$C$3,Rohdaten!$D:$D,Einzelabend!$C7))+(SUMIFS(Rohdaten!BL:BL,Rohdaten!$A:$A,Einzelabend!$C$3,Rohdaten!$D:$D,Einzelabend!$C7))+(SUMIFS(Rohdaten!BS:BS,Rohdaten!$A:$A,Einzelabend!$C$3,Rohdaten!$D:$D,Einzelabend!$C7))+(SUMIFS(Rohdaten!BZ:BZ,Rohdaten!$A:$A,Einzelabend!$C$3,Rohdaten!$D:$D,Einzelabend!$C7)) -> 3 | Q7: =(SUMIFS(Rohdaten!AY:AY,Rohdaten!$A:$A,Einzelabend!$C$3,Rohdaten!$D:$D,Einzelabend!$C7))+(SUMIFS(Rohdaten!BF:BF,Rohdaten!$A:$A,Einzelabend!$C$3,Rohdaten!$D:$D,Einzelabend!$C7))+(SUMIFS(Rohdaten!BM:BM,Rohdaten!$A:$A,Einzelabend!$C$3,Rohdaten!$D:$D,Einzelabend!$C7))+(SUMIFS(Rohdaten!BT:BT,Rohdaten!$A:$A,Einzelabend!$C$3,Rohdaten!$D:$D,Einzelabend!$C7))+(SUMIFS(Rohdaten!CA:CA,Rohdaten!$A:$A,Einzelabend!$C$3,Rohdaten!$D:$D,Einzelabend!$C7)) -> 1 | R7: =(SUMIFS(Rohdaten!AZ:AZ,Rohdaten!$A:$A,Einzelabend!$C$3,Rohdaten!$D:$D,Einzelabend!$C7))+(SUMIFS(Rohdaten!BG:BG,Rohdaten!$A:$A,Einzelabend!$C$3,Rohdaten!$D:$D,Einzelabend!$C7))+(SUMIFS(Rohdaten!BN:BN,Rohdaten!$A:$A,Einzelabend!$C$3,Rohdaten!$D:$D,Einzelabend!$C7))+(SUMIFS(Rohdaten!BU:BU,Rohdaten!$A:$A,Einzelabend!$C$3,Rohdaten!$D:$D,Einzelabend!$C7))+(SUMIFS(Rohdaten!CB:CB,Rohdaten!$A:$A,Einzelabend!$C$3,Rohdaten!$D:$D,Einzelabend!$C7)) -> 1
A8: Team 2 | B8: =$C$3&A8 -> 46111Team 2 | C8: =VLOOKUP(B8,Rohdaten!C:D,2,0) -> Goonse | D8: =SUMIFS(Rohdaten!AH:AH,Rohdaten!C:C,Einzelabend!B8,Rohdaten!D:D,Einzelabend!C8) -> 0.25 | E8: =SUMIFS(Rohdaten!$CJ:$CJ,Rohdaten!$A:$A,Einzelabend!$C$3,Rohdaten!$D:$D,Einzelabend!$C8) -> 700 | F8: =SUMIFS(Rohdaten!V:V,Rohdaten!$A:$A,Einzelabend!$C$3,Rohdaten!$D:$D,Einzelabend!$C8)+SUMIFS(Rohdaten!$AB:$AB,Rohdaten!$A:$A,Einzelabend!$C$3,Rohdaten!$D:$D,Einzelabend!$C8) -> 0 | G8: =SUMIFS(Rohdaten!W:W,Rohdaten!$A:$A,Einzelabend!$C$3,Rohdaten!$D:$D,Einzelabend!$C8)+SUMIFS(Rohdaten!$AC:$AC,Rohdaten!$A:$A,Einzelabend!$C$3,Rohdaten!$D:$D,Einzelabend!$C8) -> 3 | H8: =SUMIFS(Rohdaten!X:X,Rohdaten!$A:$A,Einzelabend!$C$3,Rohdaten!$D:$D,Einzelabend!$C8)+SUMIFS(Rohdaten!$AD:$AD,Rohdaten!$A:$A,Einzelabend!$C$3,Rohdaten!$D:$D,Einzelabend!$C8) -> 1 | I8: =SUMIFS(Rohdaten!Y:Y,Rohdaten!$A:$A,Einzelabend!$C$3,Rohdaten!$D:$D,Einzelabend!$C8)+SUMIFS(Rohdaten!$AE:$AE,Rohdaten!$A:$A,Einzelabend!$C$3,Rohdaten!$D:$D,Einzelabend!$C8) -> 1 | J8: =SUMIFS(Rohdaten!Z:Z,Rohdaten!$A:$A,Einzelabend!$C$3,Rohdaten!$D:$D,Einzelabend!$C8)+SUMIFS(Rohdaten!$AF:$AF,Rohdaten!$A:$A,Einzelabend!$C$3,Rohdaten!$D:$D,Einzelabend!$C8) -> 2 | K8: =SUMIFS(Rohdaten!AA:AA,Rohdaten!$A:$A,Einzelabend!$C$3,Rohdaten!$D:$D,Einzelabend!$C8)+SUMIFS(Rohdaten!$AG:$AG,Rohdaten!$A:$A,Einzelabend!$C$3,Rohdaten!$D:$D,Einzelabend!$C8) -> 1 | M8: =(SUMIFS(Rohdaten!AU:AU,Rohdaten!$A:$A,Einzelabend!$C$3,Rohdaten!$D:$D,Einzelabend!$C8))+(SUMIFS(Rohdaten!BB:BB,Rohdaten!$A:$A,Einzelabend!$C$3,Rohdaten!$D:$D,Einzelabend!$C8))+(SUMIFS(Rohdaten!BI:BI,Rohdaten!$A:$A,Einzelabend!$C$3,Rohdaten!$D:$D,Einzelabend!$C8))+(SUMIFS(Rohdaten!BP:BP,Rohdaten!$A:$A,Einzelabend!$C$3,Rohdaten!$D:$D,Einzelabend!$C8))+(SUMIFS(Rohdaten!BW:BW,Rohdaten!$A:$A,Einzelabend!$C$3,Rohdaten!$D:$D,Einzelabend!$C8)) -> 0 | N8: =(SUMIFS(Rohdaten!AV:AV,Rohdaten!$A:$A,Einzelabend!$C$3,Rohdaten!$D:$D,Einzelabend!$C8))+(SUMIFS(Rohdaten!BC:BC,Rohdaten!$A:$A,Einzelabend!$C$3,Rohdaten!$D:$D,Einzelabend!$C8))+(SUMIFS(Rohdaten!BJ:BJ,Rohdaten!$A:$A,Einzelabend!$C$3,Rohdaten!$D:$D,Einzelabend!$C8))+(SUMIFS(Rohdaten!BQ:BQ,Rohdaten!$A:$A,Einzelabend!$C$3,Rohdaten!$D:$D,Einzelabend!$C8))+(SUMIFS(Rohdaten!BX:BX,Rohdaten!$A:$A,Einzelabend!$C$3,Rohdaten!$D:$D,Einzelabend!$C8)) -> 1 | O8: =(SUMIFS(Rohdaten!AW:AW,Rohdaten!$A:$A,Einzelabend!$C$3,Rohdaten!$D:$D,Einzelabend!$C8))+(SUMIFS(Rohdaten!BD:BD,Rohdaten!$A:$A,Einzelabend!$C$3,Rohdaten!$D:$D,Einzelabend!$C8))+(SUMIFS(Rohdaten!BK:BK,Rohdaten!$A:$A,Einzelabend!$C$3,Rohdaten!$D:$D,Einzelabend!$C8))+(SUMIFS(Rohdaten!BR:BR,Rohdaten!$A:$A,Einzelabend!$C$3,Rohdaten!$D:$D,Einzelabend!$C8))+(SUMIFS(Rohdaten!BY:BY,Rohdaten!$A:$A,Einzelabend!$C$3,Rohdaten!$D:$D,Einzelabend!$C8)) -> 1 | P8: =(SUMIFS(Rohdaten!AX:AX,Rohdaten!$A:$A,Einzelabend!$C$3,Rohdaten!$D:$D,Einzelabend!$C8))+(SUMIFS(Rohdaten!BE:BE,Rohdaten!$A:$A,Einzelabend!$C$3,Rohdaten!$D:$D,Einzelabend!$C8))+(SUMIFS(Rohdaten!BL:BL,Rohdaten!$A:$A,Einzelabend!$C$3,Rohdaten!$D:$D,Einzelabend!$C8))+(SUMIFS(Rohdaten!BS:BS,Rohdaten!$A:$A,Einzelabend!$C$3,Rohdaten!$D:$D,Einzelabend!$C8))+(SUMIFS(Rohdaten!BZ:BZ,Rohdaten!$A:$A,Einzelabend!$C$3,Rohdaten!$D:$D,Einzelabend!$C8)) -> 1 | Q8: =(SUMIFS(Rohdaten!AY:AY,Rohdaten!$A:$A,Einzelabend!$C$3,Rohdaten!$D:$D,Einzelabend!$C8))+(SUMIFS(Rohdaten!BF:BF,Rohdaten!$A:$A,Einzelabend!$C$3,Rohdaten!$D:$D,Einzelabend!$C8))+(SUMIFS(Rohdaten!BM:BM,Rohdaten!$A:$A,Einzelabend!$C$3,Rohdaten!$D:$D,Einzelabend!$C8))+(SUMIFS(Rohdaten!BT:BT,Rohdaten!$A:$A,Einzelabend!$C$3,Rohdaten!$D:$D,Einzelabend!$C8))+(SUMIFS(Rohdaten!CA:CA,Rohdaten!$A:$A,Einzelabend!$C$3,Rohdaten!$D:$D,Einzelabend!$C8)) -> 1 | R8: =(SUMIFS(Rohdaten!AZ:AZ,Rohdaten!$A:$A,Einzelabend!$C$3,Rohdaten!$D:$D,Einzelabend!$C8))+(SUMIFS(Rohdaten!BG:BG,Rohdaten!$A:$A,Einzelabend!$C$3,Rohdaten!$D:$D,Einzelabend!$C8))+(SUMIFS(Rohdaten!BN:BN,Rohdaten!$A:$A,Einzelabend!$C$3,Rohdaten!$D:$D,Einzelabend!$C8))+(SUMIFS(Rohdaten!BU:BU,Rohdaten!$A:$A,Einzelabend!$C$3,Rohdaten!$D:$D,Einzelabend!$C8))+(SUMIFS(Rohdaten!CB:CB,Rohdaten!$A:$A,Einzelabend!$C$3,Rohdaten!$D:$D,Einzelabend!$C8)) -> 0
A9: Team 2.1 | B9: =$C$3&A9 -> 46111Team 2.1 | C9: =VLOOKUP(B9,Rohdaten!C:D,2,0) -> Chäli | D9: =SUMIFS(Rohdaten!AH:AH,Rohdaten!C:C,Einzelabend!B9,Rohdaten!D:D,Einzelabend!C9) -> 0.25 | E9: =SUMIFS(Rohdaten!$CJ:$CJ,Rohdaten!$A:$A,Einzelabend!$C$3,Rohdaten!$D:$D,Einzelabend!$C9) -> 1040 | F9: =SUMIFS(Rohdaten!V:V,Rohdaten!$A:$A,Einzelabend!$C$3,Rohdaten!$D:$D,Einzelabend!$C9)+SUMIFS(Rohdaten!$AB:$AB,Rohdaten!$A:$A,Einzelabend!$C$3,Rohdaten!$D:$D,Einzelabend!$C9) -> 2 | G9: =SUMIFS(Rohdaten!W:W,Rohdaten!$A:$A,Einzelabend!$C$3,Rohdaten!$D:$D,Einzelabend!$C9)+SUMIFS(Rohdaten!$AC:$AC,Rohdaten!$A:$A,Einzelabend!$C$3,Rohdaten!$D:$D,Einzelabend!$C9) -> 1 | H9: =SUMIFS(Rohdaten!X:X,Rohdaten!$A:$A,Einzelabend!$C$3,Rohdaten!$D:$D,Einzelabend!$C9)+SUMIFS(Rohdaten!$AD:$AD,Rohdaten!$A:$A,Einzelabend!$C$3,Rohdaten!$D:$D,Einzelabend!$C9) -> 3 | I9: =SUMIFS(Rohdaten!Y:Y,Rohdaten!$A:$A,Einzelabend!$C$3,Rohdaten!$D:$D,Einzelabend!$C9)+SUMIFS(Rohdaten!$AE:$AE,Rohdaten!$A:$A,Einzelabend!$C$3,Rohdaten!$D:$D,Einzelabend!$C9) -> 0 | J9: =SUMIFS(Rohdaten!Z:Z,Rohdaten!$A:$A,Einzelabend!$C$3,Rohdaten!$D:$D,Einzelabend!$C9)+SUMIFS(Rohdaten!$AF:$AF,Rohdaten!$A:$A,Einzelabend!$C$3,Rohdaten!$D:$D,Einzelabend!$C9) -> 2 | K9: =SUMIFS(Rohdaten!AA:AA,Rohdaten!$A:$A,Einzelabend!$C$3,Rohdaten!$D:$D,Einzelabend!$C9)+SUMIFS(Rohdaten!$AG:$AG,Rohdaten!$A:$A,Einzelabend!$C$3,Rohdaten!$D:$D,Einzelabend!$C9) -> 0 | M9: =(SUMIFS(Rohdaten!AU:AU,Rohdaten!$A:$A,Einzelabend!$C$3,Rohdaten!$D:$D,Einzelabend!$C9))+(SUMIFS(Rohdaten!BB:BB,Rohdaten!$A:$A,Einzelabend!$C$3,Rohdaten!$D:$D,Einzelabend!$C9))+(SUMIFS(Rohdaten!BI:BI,Rohdaten!$A:$A,Einzelabend!$C$3,Rohdaten!$D:$D,Einzelabend!$C9))+(SUMIFS(Rohdaten!BP:BP,Rohdaten!$A:$A,Einzelabend!$C$3,Rohdaten!$D:$D,Einzelabend!$C9))+(SUMIFS(Rohdaten!BW:BW,Rohdaten!$A:$A,Einzelabend!$C$3,Rohdaten!$D:$D,Einzelabend!$C9)) -> 0 | N9: =(SUMIFS(Rohdaten!AV:AV,Rohdaten!$A:$A,Einzelabend!$C$3,Rohdaten!$D:$D,Einzelabend!$C9))+(SUMIFS(Rohdaten!BC:BC,Rohdaten!$A:$A,Einzelabend!$C$3,Rohdaten!$D:$D,Einzelabend!$C9))+(SUMIFS(Rohdaten!BJ:BJ,Rohdaten!$A:$A,Einzelabend!$C$3,Rohdaten!$D:$D,Einzelabend!$C9))+(SUMIFS(Rohdaten!BQ:BQ,Rohdaten!$A:$A,Einzelabend!$C$3,Rohdaten!$D:$D,Einzelabend!$C9))+(SUMIFS(Rohdaten!BX:BX,Rohdaten!$A:$A,Einzelabend!$C$3,Rohdaten!$D:$D,Einzelabend!$C9)) -> 1 | O9: =(SUMIFS(Rohdaten!AW:AW,Rohdaten!$A:$A,Einzelabend!$C$3,Rohdaten!$D:$D,Einzelabend!$C9))+(SUMIFS(Rohdaten!BD:BD,Rohdaten!$A:$A,Einzelabend!$C$3,Rohdaten!$D:$D,Einzelabend!$C9))+(SUMIFS(Rohdaten!BK:BK,Rohdaten!$A:$A,Einzelabend!$C$3,Rohdaten!$D:$D,Einzelabend!$C9))+(SUMIFS(Rohdaten!BR:BR,Rohdaten!$A:$A,Einzelabend!$C$3,Rohdaten!$D:$D,Einzelabend!$C9))+(SUMIFS(Rohdaten!BY:BY,Rohdaten!$A:$A,Einzelabend!$C$3,Rohdaten!$D:$D,Einzelabend!$C9)) -> 2 | P9: =(SUMIFS(Rohdaten!AX:AX,Rohdaten!$A:$A,Einzelabend!$C$3,Rohdaten!$D:$D,Einzelabend!$C9))+(SUMIFS(Rohdaten!BE:BE,Rohdaten!$A:$A,Einzelabend!$C$3,Rohdaten!$D:$D,Einzelabend!$C9))+(SUMIFS(Rohdaten!BL:BL,Rohdaten!$A:$A,Einzelabend!$C$3,Rohdaten!$D:$D,Einzelabend!$C9))+(SUMIFS(Rohdaten!BS:BS,Rohdaten!$A:$A,Einzelabend!$C$3,Rohdaten!$D:$D,Einzelabend!$C9))+(SUMIFS(Rohdaten!BZ:BZ,Rohdaten!$A:$A,Einzelabend!$C$3,Rohdaten!$D:$D,Einzelabend!$C9)) -> 1 | Q9: =(SUMIFS(Rohdaten!AY:AY,Rohdaten!$A:$A,Einzelabend!$C$3,Rohdaten!$D:$D,Einzelabend!$C9))+(SUMIFS(Rohdaten!BF:BF,Rohdaten!$A:$A,Einzelabend!$C$3,Rohdaten!$D:$D,Einzelabend!$C9))+(SUMIFS(Rohdaten!BM:BM,Rohdaten!$A:$A,Einzelabend!$C$3,Rohdaten!$D:$D,Einzelabend!$C9))+(SUMIFS(Rohdaten!BT:BT,Rohdaten!$A:$A,Einzelabend!$C$3,Rohdaten!$D:$D,Einzelabend!$C9))+(SUMIFS(Rohdaten!CA:CA,Rohdaten!$A:$A,Einzelabend!$C$3,Rohdaten!$D:$D,Einzelabend!$C9)) -> 1 | R9: =(SUMIFS(Rohdaten!AZ:AZ,Rohdaten!$A:$A,Einzelabend!$C$3,Rohdaten!$D:$D,Einzelabend!$C9))+(SUMIFS(Rohdaten!BG:BG,Rohdaten!$A:$A,Einzelabend!$C$3,Rohdaten!$D:$D,Einzelabend!$C9))+(SUMIFS(Rohdaten!BN:BN,Rohdaten!$A:$A,Einzelabend!$C$3,Rohdaten!$D:$D,Einzelabend!$C9))+(SUMIFS(Rohdaten!BU:BU,Rohdaten!$A:$A,Einzelabend!$C$3,Rohdaten!$D:$D,Einzelabend!$C9))+(SUMIFS(Rohdaten!CB:CB,Rohdaten!$A:$A,Einzelabend!$C$3,Rohdaten!$D:$D,Einzelabend!$C9)) -> 4
M13: Weisen
M14: Eichlen | N14: Schelle | O14: Schilten | P14: Rose | Q14: Une | R14: Obe | S14: Summe
L15: =C6 -> Fuchs | M15: =(SUMIFS(Rohdaten!AU:AU,Rohdaten!$A:$A,Einzelabend!$C$3,Rohdaten!$D:$D,Einzelabend!$C6)*20)+(SUMIFS(Rohdaten!BB:BB,Rohdaten!$A:$A,Einzelabend!$C$3,Rohdaten!$D:$D,Einzelabend!$C6)*50)+(SUMIFS(Rohdaten!BI:BI,Rohdaten!$A:$A,Einzelabend!$C$3,Rohdaten!$D:$D,Einzelabend!$C6)*100)+(SUMIFS(Rohdaten!BP:BP,Rohdaten!$A:$A,Einzelabend!$C$3,Rohdaten!$D:$D,Einzelabend!$C6)*150)+(SUMIFS(Rohdaten!BW:BW,Rohdaten!$A:$A,Einzelabend!$C$3,Rohdaten!$D:$D,Einzelabend!$C6)*200) -> 0 | N15: =(SUMIFS(Rohdaten!AV:AV,Rohdaten!$A:$A,Einzelabend!$C$3,Rohdaten!$D:$D,Einzelabend!$C6)*40)+(SUMIFS(Rohdaten!BC:BC,Rohdaten!$A:$A,Einzelabend!$C$3,Rohdaten!$D:$D,Einzelabend!$C6)*100)+(SUMIFS(Rohdaten!BJ:BJ,Rohdaten!$A:$A,Einzelabend!$C$3,Rohdaten!$D:$D,Einzelabend!$C6)*200)+(SUMIFS(Rohdaten!BQ:BQ,Rohdaten!$A:$A,Einzelabend!$C$3,Rohdaten!$D:$D,Einzelabend!$C6)*300)+(SUMIFS(Rohdaten!BX:BX,Rohdaten!$A:$A,Einzelabend!$C$3,Rohdaten!$D:$D,Einzelabend!$C6)*400) -> 200 | O15: =(SUMIFS(Rohdaten!AW:AW,Rohdaten!$A:$A,Einzelabend!$C$3,Rohdaten!$D:$D,Einzelabend!$C6)*40)+(SUMIFS(Rohdaten!BD:BD,Rohdaten!$A:$A,Einzelabend!$C$3,Rohdaten!$D:$D,Einzelabend!$C6)*100)+(SUMIFS(Rohdaten!BK:BK,Rohdaten!$A:$A,Einzelabend!$C$3,Rohdaten!$D:$D,Einzelabend!$C6)*200)+(SUMIFS(Rohdaten!BR:BR,Rohdaten!$A:$A,Einzelabend!$C$3,Rohdaten!$D:$D,Einzelabend!$C6)*300)+(SUMIFS(Rohdaten!BY:BY,Rohdaten!$A:$A,Einzelabend!$C$3,Rohdaten!$D:$D,Einzelabend!$C6)*400) -> 0 | P15: =(SUMIFS(Rohdaten!AX:AX,Rohdaten!$A:$A,Einzelabend!$C$3,Rohdaten!$D:$D,Einzelabend!$C6)*80)+(SUMIFS(Rohdaten!BE:BE,Rohdaten!$A:$A,Einzelabend!$C$3,Rohdaten!$D:$D,Einzelabend!$C6)*200)+(SUMIFS(Rohdaten!BL:BL,Rohdaten!$A:$A,Einzelabend!$C$3,Rohdaten!$D:$D,Einzelabend!$C6)*400)+(SUMIFS(Rohdaten!BS:BS,Rohdaten!$A:$A,Einzelabend!$C$3,Rohdaten!$D:$D,Einzelabend!$C6)*600)+(SUMIFS(Rohdaten!BZ:BZ,Rohdaten!$A:$A,Einzelabend!$C$3,Rohdaten!$D:$D,Einzelabend!$C6)*800) -> 240 | Q15: =(SUMIFS(Rohdaten!AY:AY,Rohdaten!$A:$A,Einzelabend!$C$3,Rohdaten!$D:$D,Einzelabend!$C6)*60)+(SUMIFS(Rohdaten!BF:BF,Rohdaten!$A:$A,Einzelabend!$C$3,Rohdaten!$D:$D,Einzelabend!$C6)*150)+(SUMIFS(Rohdaten!BM:BM,Rohdaten!$A:$A,Einzelabend!$C$3,Rohdaten!$D:$D,Einzelabend!$C6)*300)+(SUMIFS(Rohdaten!BT:BT,Rohdaten!$A:$A,Einzelabend!$C$3,Rohdaten!$D:$D,Einzelabend!$C6)*450)+(SUMIFS(Rohdaten!CA:CA,Rohdaten!$A:$A,Einzelabend!$C$3,Rohdaten!$D:$D,Einzelabend!$C6)*600) -> 0 | R15: =(SUMIFS(Rohdaten!AZ:AZ,Rohdaten!$A:$A,Einzelabend!$C$3,Rohdaten!$D:$D,Einzelabend!$C6)*60)+(SUMIFS(Rohdaten!BG:BG,Rohdaten!$A:$A,Einzelabend!$C$3,Rohdaten!$D:$D,Einzelabend!$C6)*150)+(SUMIFS(Rohdaten!BN:BN,Rohdaten!$A:$A,Einzelabend!$C$3,Rohdaten!$D:$D,Einzelabend!$C6)*300)+(SUMIFS(Rohdaten!BU:BU,Rohdaten!$A:$A,Einzelabend!$C$3,Rohdaten!$D:$D,Einzelabend!$C6)*450)+(SUMIFS(Rohdaten!CB:CB,Rohdaten!$A:$A,Einzelabend!$C$3,Rohdaten!$D:$D,Einzelabend!$C6)*600) -> 60 | S15: =SUM(M15:R15) -> 500
C16: Team 1 | E16: Team 2 | H16: Differenz | L16: =C7 -> Küng | M16: =(SUMIFS(Rohdaten!AU:AU,Rohdaten!$A:$A,Einzelabend!$C$3,Rohdaten!$D:$D,Einzelabend!$C7)*20)+(SUMIFS(Rohdaten!BB:BB,Rohdaten!$A:$A,Einzelabend!$C$3,Rohdaten!$D:$D,Einzelabend!$C7)*50)+(SUMIFS(Rohdaten!BI:BI,Rohdaten!$A:$A,Einzelabend!$C$3,Rohdaten!$D:$D,Einzelabend!$C7)*100)+(SUMIFS(Rohdaten!BP:BP,Rohdaten!$A:$A,Einzelabend!$C$3,Rohdaten!$D:$D,Einzelabend!$C7)*150)+(SUMIFS(Rohdaten!BW:BW,Rohdaten!$A:$A,Einzelabend!$C$3,Rohdaten!$D:$D,Einzelabend!$C7)*200) -> 0 | N16: =(SUMIFS(Rohdaten!AV:AV,Rohdaten!$A:$A,Einzelabend!$C$3,Rohdaten!$D:$D,Einzelabend!$C7)*40)+(SUMIFS(Rohdaten!BC:BC,Rohdaten!$A:$A,Einzelabend!$C$3,Rohdaten!$D:$D,Einzelabend!$C7)*100)+(SUMIFS(Rohdaten!BJ:BJ,Rohdaten!$A:$A,Einzelabend!$C$3,Rohdaten!$D:$D,Einzelabend!$C7)*200)+(SUMIFS(Rohdaten!BQ:BQ,Rohdaten!$A:$A,Einzelabend!$C$3,Rohdaten!$D:$D,Einzelabend!$C7)*300)+(SUMIFS(Rohdaten!BX:BX,Rohdaten!$A:$A,Einzelabend!$C$3,Rohdaten!$D:$D,Einzelabend!$C7)*400) -> 0 | O16: =(SUMIFS(Rohdaten!AW:AW,Rohdaten!$A:$A,Einzelabend!$C$3,Rohdaten!$D:$D,Einzelabend!$C7)*40)+(SUMIFS(Rohdaten!BD:BD,Rohdaten!$A:$A,Einzelabend!$C$3,Rohdaten!$D:$D,Einzelabend!$C7)*100)+(SUMIFS(Rohdaten!BK:BK,Rohdaten!$A:$A,Einzelabend!$C$3,Rohdaten!$D:$D,Einzelabend!$C7)*200)+(SUMIFS(Rohdaten!BR:BR,Rohdaten!$A:$A,Einzelabend!$C$3,Rohdaten!$D:$D,Einzelabend!$C7)*300)+(SUMIFS(Rohdaten!BY:BY,Rohdaten!$A:$A,Einzelabend!$C$3,Rohdaten!$D:$D,Einzelabend!$C7)*400) -> 40 | P16: =(SUMIFS(Rohdaten!AX:AX,Rohdaten!$A:$A,Einzelabend!$C$3,Rohdaten!$D:$D,Einzelabend!$C7)*80)+(SUMIFS(Rohdaten!BE:BE,Rohdaten!$A:$A,Einzelabend!$C$3,Rohdaten!$D:$D,Einzelabend!$C7)*200)+(SUMIFS(Rohdaten!BL:BL,Rohdaten!$A:$A,Einzelabend!$C$3,Rohdaten!$D:$D,Einzelabend!$C7)*400)+(SUMIFS(Rohdaten!BS:BS,Rohdaten!$A:$A,Einzelabend!$C$3,Rohdaten!$D:$D,Einzelabend!$C7)*600)+(SUMIFS(Rohdaten!BZ:BZ,Rohdaten!$A:$A,Einzelabend!$C$3,Rohdaten!$D:$D,Einzelabend!$C7)*800) -> 240 | Q16: =(SUMIFS(Rohdaten!AY:AY,Rohdaten!$A:$A,Einzelabend!$C$3,Rohdaten!$D:$D,Einzelabend!$C7)*60)+(SUMIFS(Rohdaten!BF:BF,Rohdaten!$A:$A,Einzelabend!$C$3,Rohdaten!$D:$D,Einzelabend!$C7)*150)+(SUMIFS(Rohdaten!BM:BM,Rohdaten!$A:$A,Einzelabend!$C$3,Rohdaten!$D:$D,Einzelabend!$C7)*300)+(SUMIFS(Rohdaten!BT:BT,Rohdaten!$A:$A,Einzelabend!$C$3,Rohdaten!$D:$D,Einzelabend!$C7)*450)+(SUMIFS(Rohdaten!CA:CA,Rohdaten!$A:$A,Einzelabend!$C$3,Rohdaten!$D:$D,Einzelabend!$C7)*600) -> 60 | R16: =(SUMIFS(Rohdaten!AZ:AZ,Rohdaten!$A:$A,Einzelabend!$C$3,Rohdaten!$D:$D,Einzelabend!$C7)*60)+(SUMIFS(Rohdaten!BG:BG,Rohdaten!$A:$A,Einzelabend!$C$3,Rohdaten!$D:$D,Einzelabend!$C7)*150)+(SUMIFS(Rohdaten!BN:BN,Rohdaten!$A:$A,Einzelabend!$C$3,Rohdaten!$D:$D,Einzelabend!$C7)*300)+(SUMIFS(Rohdaten!BU:BU,Rohdaten!$A:$A,Einzelabend!$C$3,Rohdaten!$D:$D,Einzelabend!$C7)*450)+(SUMIFS(Rohdaten!CB:CB,Rohdaten!$A:$A,Einzelabend!$C$3,Rohdaten!$D:$D,Einzelabend!$C7)*600) -> 60 | S16: =SUM(M16:R16) -> 400
A17: Striche | C17: =SUMIFS(Rohdaten!$AQ:$AQ,Rohdaten!$C:$C,Einzelabend!$B6) -> 3 | E17: =SUMIFS(Rohdaten!$AQ:$AQ,Rohdaten!$C:$C,Einzelabend!$B8) -> 7 | H17: =C17-E17 -> -4 | L17: =C8 -> Goonse | M17: =(SUMIFS(Rohdaten!AU:AU,Rohdaten!$A:$A,Einzelabend!$C$3,Rohdaten!$D:$D,Einzelabend!$C8)*20)+(SUMIFS(Rohdaten!BB:BB,Rohdaten!$A:$A,Einzelabend!$C$3,Rohdaten!$D:$D,Einzelabend!$C8)*50)+(SUMIFS(Rohdaten!BI:BI,Rohdaten!$A:$A,Einzelabend!$C$3,Rohdaten!$D:$D,Einzelabend!$C8)*100)+(SUMIFS(Rohdaten!BP:BP,Rohdaten!$A:$A,Einzelabend!$C$3,Rohdaten!$D:$D,Einzelabend!$C8)*150)+(SUMIFS(Rohdaten!BW:BW,Rohdaten!$A:$A,Einzelabend!$C$3,Rohdaten!$D:$D,Einzelabend!$C8)*200) -> 0 | N17: =(SUMIFS(Rohdaten!AV:AV,Rohdaten!$A:$A,Einzelabend!$C$3,Rohdaten!$D:$D,Einzelabend!$C8)*40)+(SUMIFS(Rohdaten!BC:BC,Rohdaten!$A:$A,Einzelabend!$C$3,Rohdaten!$D:$D,Einzelabend!$C8)*100)+(SUMIFS(Rohdaten!BJ:BJ,Rohdaten!$A:$A,Einzelabend!$C$3,Rohdaten!$D:$D,Einzelabend!$C8)*200)+(SUMIFS(Rohdaten!BQ:BQ,Rohdaten!$A:$A,Einzelabend!$C$3,Rohdaten!$D:$D,Einzelabend!$C8)*300)+(SUMIFS(Rohdaten!BX:BX,Rohdaten!$A:$A,Einzelabend!$C$3,Rohdaten!$D:$D,Einzelabend!$C8)*400) -> 40 | O17: =(SUMIFS(Rohdaten!AW:AW,Rohdaten!$A:$A,Einzelabend!$C$3,Rohdaten!$D:$D,Einzelabend!$C8)*40)+(SUMIFS(Rohdaten!BD:BD,Rohdaten!$A:$A,Einzelabend!$C$3,Rohdaten!$D:$D,Einzelabend!$C8)*100)+(SUMIFS(Rohdaten!BK:BK,Rohdaten!$A:$A,Einzelabend!$C$3,Rohdaten!$D:$D,Einzelabend!$C8)*200)+(SUMIFS(Rohdaten!BR:BR,Rohdaten!$A:$A,Einzelabend!$C$3,Rohdaten!$D:$D,Einzelabend!$C8)*300)+(SUMIFS(Rohdaten!BY:BY,Rohdaten!$A:$A,Einzelabend!$C$3,Rohdaten!$D:$D,Einzelabend!$C8)*400) -> 200 | P17: =(SUMIFS(Rohdaten!AX:AX,Rohdaten!$A:$A,Einzelabend!$C$3,Rohdaten!$D:$D,Einzelabend!$C8)*80)+(SUMIFS(Rohdaten!BE:BE,Rohdaten!$A:$A,Einzelabend!$C$3,Rohdaten!$D:$D,Einzelabend!$C8)*200)+(SUMIFS(Rohdaten!BL:BL,Rohdaten!$A:$A,Einzelabend!$C$3,Rohdaten!$D:$D,Einzelabend!$C8)*400)+(SUMIFS(Rohdaten!BS:BS,Rohdaten!$A:$A,Einzelabend!$C$3,Rohdaten!$D:$D,Einzelabend!$C8)*600)+(SUMIFS(Rohdaten!BZ:BZ,Rohdaten!$A:$A,Einzelabend!$C$3,Rohdaten!$D:$D,Einzelabend!$C8)*800) -> 400 | Q17: =(SUMIFS(Rohdaten!AY:AY,Rohdaten!$A:$A,Einzelabend!$C$3,Rohdaten!$D:$D,Einzelabend!$C8)*60)+(SUMIFS(Rohdaten!BF:BF,Rohdaten!$A:$A,Einzelabend!$C$3,Rohdaten!$D:$D,Einzelabend!$C8)*150)+(SUMIFS(Rohdaten!BM:BM,Rohdaten!$A:$A,Einzelabend!$C$3,Rohdaten!$D:$D,Einzelabend!$C8)*300)+(SUMIFS(Rohdaten!BT:BT,Rohdaten!$A:$A,Einzelabend!$C$3,Rohdaten!$D:$D,Einzelabend!$C8)*450)+(SUMIFS(Rohdaten!CA:CA,Rohdaten!$A:$A,Einzelabend!$C$3,Rohdaten!$D:$D,Einzelabend!$C8)*600) -> 60 | R17: =(SUMIFS(Rohdaten!AZ:AZ,Rohdaten!$A:$A,Einzelabend!$C$3,Rohdaten!$D:$D,Einzelabend!$C8)*60)+(SUMIFS(Rohdaten!BG:BG,Rohdaten!$A:$A,Einzelabend!$C$3,Rohdaten!$D:$D,Einzelabend!$C8)*150)+(SUMIFS(Rohdaten!BN:BN,Rohdaten!$A:$A,Einzelabend!$C$3,Rohdaten!$D:$D,Einzelabend!$C8)*300)+(SUMIFS(Rohdaten!BU:BU,Rohdaten!$A:$A,Einzelabend!$C$3,Rohdaten!$D:$D,Einzelabend!$C8)*450)+(SUMIFS(Rohdaten!CB:CB,Rohdaten!$A:$A,Einzelabend!$C$3,Rohdaten!$D:$D,Einzelabend!$C8)*600) -> 0 | S17: =SUM(M17:R17) -> 700
L18: =C9 -> Chäli | M18: =(SUMIFS(Rohdaten!AU:AU,Rohdaten!$A:$A,Einzelabend!$C$3,Rohdaten!$D:$D,Einzelabend!$C9)*20)+(SUMIFS(Rohdaten!BB:BB,Rohdaten!$A:$A,Einzelabend!$C$3,Rohdaten!$D:$D,Einzelabend!$C9)*50)+(SUMIFS(Rohdaten!BI:BI,Rohdaten!$A:$A,Einzelabend!$C$3,Rohdaten!$D:$D,Einzelabend!$C9)*100)+(SUMIFS(Rohdaten!BP:BP,Rohdaten!$A:$A,Einzelabend!$C$3,Rohdaten!$D:$D,Einzelabend!$C9)*150)+(SUMIFS(Rohdaten!BW:BW,Rohdaten!$A:$A,Einzelabend!$C$3,Rohdaten!$D:$D,Einzelabend!$C9)*200) -> 0 | N18: =(SUMIFS(Rohdaten!AV:AV,Rohdaten!$A:$A,Einzelabend!$C$3,Rohdaten!$D:$D,Einzelabend!$C9)*40)+(SUMIFS(Rohdaten!BC:BC,Rohdaten!$A:$A,Einzelabend!$C$3,Rohdaten!$D:$D,Einzelabend!$C9)*100)+(SUMIFS(Rohdaten!BJ:BJ,Rohdaten!$A:$A,Einzelabend!$C$3,Rohdaten!$D:$D,Einzelabend!$C9)*200)+(SUMIFS(Rohdaten!BQ:BQ,Rohdaten!$A:$A,Einzelabend!$C$3,Rohdaten!$D:$D,Einzelabend!$C9)*300)+(SUMIFS(Rohdaten!BX:BX,Rohdaten!$A:$A,Einzelabend!$C$3,Rohdaten!$D:$D,Einzelabend!$C9)*400) -> 40 | O18: =(SUMIFS(Rohdaten!AW:AW,Rohdaten!$A:$A,Einzelabend!$C$3,Rohdaten!$D:$D,Einzelabend!$C9)*40)+(SUMIFS(Rohdaten!BD:BD,Rohdaten!$A:$A,Einzelabend!$C$3,Rohdaten!$D:$D,Einzelabend!$C9)*100)+(SUMIFS(Rohdaten!BK:BK,Rohdaten!$A:$A,Einzelabend!$C$3,Rohdaten!$D:$D,Einzelabend!$C9)*200)+(SUMIFS(Rohdaten!BR:BR,Rohdaten!$A:$A,Einzelabend!$C$3,Rohdaten!$D:$D,Einzelabend!$C9)*300)+(SUMIFS(Rohdaten!BY:BY,Rohdaten!$A:$A,Einzelabend!$C$3,Rohdaten!$D:$D,Einzelabend!$C9)*400) -> 140 | P18: =(SUMIFS(Rohdaten!AX:AX,Rohdaten!$A:$A,Einzelabend!$C$3,Rohdaten!$D:$D,Einzelabend!$C9)*80)+(SUMIFS(Rohdaten!BE:BE,Rohdaten!$A:$A,Einzelabend!$C$3,Rohdaten!$D:$D,Einzelabend!$C9)*200)+(SUMIFS(Rohdaten!BL:BL,Rohdaten!$A:$A,Einzelabend!$C$3,Rohdaten!$D:$D,Einzelabend!$C9)*400)+(SUMIFS(Rohdaten!BS:BS,Rohdaten!$A:$A,Einzelabend!$C$3,Rohdaten!$D:$D,Einzelabend!$C9)*600)+(SUMIFS(Rohdaten!BZ:BZ,Rohdaten!$A:$A,Einzelabend!$C$3,Rohdaten!$D:$D,Einzelabend!$C9)*800) -> 80 | Q18: =(SUMIFS(Rohdaten!AY:AY,Rohdaten!$A:$A,Einzelabend!$C$3,Rohdaten!$D:$D,Einzelabend!$C9)*60)+(SUMIFS(Rohdaten!BF:BF,Rohdaten!$A:$A,Einzelabend!$C$3,Rohdaten!$D:$D,Einzelabend!$C9)*150)+(SUMIFS(Rohdaten!BM:BM,Rohdaten!$A:$A,Einzelabend!$C$3,Rohdaten!$D:$D,Einzelabend!$C9)*300)+(SUMIFS(Rohdaten!BT:BT,Rohdaten!$A:$A,Einzelabend!$C$3,Rohdaten!$D:$D,Einzelabend!$C9)*450)+(SUMIFS(Rohdaten!CA:CA,Rohdaten!$A:$A,Einzelabend!$C$3,Rohdaten!$D:$D,Einzelabend!$C9)*600) -> 300 | R18: =(SUMIFS(Rohdaten!AZ:AZ,Rohdaten!$A:$A,Einzelabend!$C$3,Rohdaten!$D:$D,Einzelabend!$C9)*60)+(SUMIFS(Rohdaten!BG:BG,Rohdaten!$A:$A,Einzelabend!$C$3,Rohdaten!$D:$D,Einzelabend!$C9)*150)+(SUMIFS(Rohdaten!BN:BN,Rohdaten!$A:$A,Einzelabend!$C$3,Rohdaten!$D:$D,Einzelabend!$C9)*300)+(SUMIFS(Rohdaten!BU:BU,Rohdaten!$A:$A,Einzelabend!$C$3,Rohdaten!$D:$D,Einzelabend!$C9)*450)+(SUMIFS(Rohdaten!CB:CB,Rohdaten!$A:$A,Einzelabend!$C$3,Rohdaten!$D:$D,Einzelabend!$C9)*600) -> 480 | S18: =SUM(M18:R18) -> 1040
C19: Anzahl | D19: Punkte | E19: Anzahl | F19: Punkte | H19: Differenz
A20: Mätsch | C20: =SUMIFS(Rohdaten!$AO:$AO,Rohdaten!$C:$C,Einzelabend!$B$6) -> 0 | D20: =SUMIFS(Rohdaten!CO:CO,Rohdaten!C:C,Einzelabend!B6) -> 0 | E20: =SUMIFS(Rohdaten!$AO:$AO,Rohdaten!$C:$C,Einzelabend!$B$8) -> 1 | F20: =SUMIFS(Rohdaten!CO:CO,Rohdaten!C:C,Einzelabend!B8) -> 514 | H20: =C20-E20 -> -1 | I20: =D20-F20 -> -514
A21: Berg | C21: =SUMIFS(Rohdaten!$AP:$AP,Rohdaten!$C:$C,Einzelabend!$B$6) -> 1 | E21: =SUMIFS(Rohdaten!$AP:$AP,Rohdaten!$C:$C,Einzelabend!$B$8) -> 2 | H21: =C21-E21 -> -1
A23: Pünkt | C23: =SUMIFS(Rohdaten!O:O,Rohdaten!C:C,Einzelabend!B6) -> 7754 | E23: =SUMIFS(Rohdaten!O:O,Rohdaten!C:C,Einzelabend!B8) -> 8382 | H23: =C23-E23 -> -628
A24: Runde 1 | C24: =SUMIFS(Rohdaten!F:F,Rohdaten!C:C,Einzelabend!$B$6) -> 2617 | E24: =SUMIFS(Rohdaten!F:F,Rohdaten!C:C,Einzelabend!$B$8) -> 3130 | H24: =C24-E24 -> -513 | I24: =D24-F24 -> 0
A25: Runde 2 | C25: =SUMIFS(Rohdaten!G:G,Rohdaten!C:C,Einzelabend!$B$6) -> 3118 | E25: =SUMIFS(Rohdaten!G:G,Rohdaten!C:C,Einzelabend!$B$8) -> 2189 | H25: =C25-E25 -> 929 | I25: =D25-F25 -> 0
A26: Runde 3 | C26: =SUMIFS(Rohdaten!H:H,Rohdaten!C:C,Einzelabend!$B$6) -> 2019 | E26: =SUMIFS(Rohdaten!H:H,Rohdaten!C:C,Einzelabend!$B$8) -> 3063 | H26: =C26-E26 -> -1044 | I26: =D26-F26 -> 0
A27: Runde 4 | C27: =SUMIFS(Rohdaten!I:I,Rohdaten!C:C,Einzelabend!$B$6) -> 0 | E27: =SUMIFS(Rohdaten!I:I,Rohdaten!C:C,Einzelabend!$B$8) -> 0 | H27: =C27-E27 -> 0 | I27: =D27-F27 -> 0
A28: Runde 5 | C28: =SUMIFS(Rohdaten!J:J,Rohdaten!C:C,Einzelabend!$B$6) -> 0 | E28: =SUMIFS(Rohdaten!J:J,Rohdaten!C:C,Einzelabend!$B$8) -> 0 | H28: =C28-E28 -> 0 | I28: =D28-F28 -> 0
A29: Runde 6 | C29: =SUMIFS(Rohdaten!K:K,Rohdaten!C:C,Einzelabend!$B$6) -> 0 | E29: =SUMIFS(Rohdaten!K:K,Rohdaten!C:C,Einzelabend!$B$8) -> 0 | H29: =C29-E29 -> 0 | I29: =D29-F29 -> 0
C31: Anzahl | D31: Punkte | E31: Anzahl | F31: Punkte | H31: Differenz | K31: =C6 -> Fuchs | L31: =SUMIFS(Rohdaten!$U:$U,Rohdaten!$A:$A,Einzelabend!$C$3,Rohdaten!$D:$D,Einzelabend!$K31) -> 0
A32: Total Wiise | C32: =SUM(C33:C37) -> 11 | D32: =SUMIFS(Rohdaten!$CJ:$CJ,Rohdaten!$C:$C,Einzelabend!$B$6)+SUMIFS(Rohdaten!$CJ:$CJ,Rohdaten!$C:$C,Einzelabend!$B$7) -> 900 | E32: =SUM(E33:E37) -> 13 | F32: =SUMIFS(Rohdaten!$CJ:$CJ,Rohdaten!$C:$C,Einzelabend!$B$8)+SUMIFS(Rohdaten!$CJ:$CJ,Rohdaten!$C:$C,Einzelabend!$B$9) -> 1740 | H32: =C32-E32 -> -2 | I32: =D32-F32 -> -840 | K32: =C7 -> Küng | L32: =SUMIFS(Rohdaten!$U:$U,Rohdaten!$A:$A,Einzelabend!$C$3,Rohdaten!$D:$D,Einzelabend!$K32) -> 0
A33: 20er | C33: =SUMIFS(Rohdaten!$BA:$BA,Rohdaten!$C:$C,Einzelabend!$B$6)+SUMIFS(Rohdaten!$BA:$BA,Rohdaten!$C:$C,Einzelabend!$B$7) -> 10 | D33: =SUMIFS(Rohdaten!$CE:$CE,Rohdaten!$C:$C,Einzelabend!$B$6)+SUMIFS(Rohdaten!$CE:$CE,Rohdaten!$C:$C,Einzelabend!$B$7) -> 700 | E33: =SUMIFS(Rohdaten!$BA:$BA,Rohdaten!$C:$C,Einzelabend!$B$8)+SUMIFS(Rohdaten!$BA:$BA,Rohdaten!$C:$C,Einzelabend!$B$9) -> 8 | F33: =SUMIFS(Rohdaten!$CE:$CE,Rohdaten!$C:$C,Einzelabend!$B$8)+SUMIFS(Rohdaten!$CE:$CE,Rohdaten!$C:$C,Einzelabend!$B$9) -> 440 | H33: =C33-E33 -> 2 | I33: =D33-F33 -> 260 | K33: =C8 -> Goonse | L33: =SUMIFS(Rohdaten!$U:$U,Rohdaten!$A:$A,Einzelabend!$C$3,Rohdaten!$D:$D,Einzelabend!$K33) -> 1
A34: 50er | C34: =SUMIFS(Rohdaten!$BH:$BH,Rohdaten!$C:$C,Einzelabend!$B$6)+SUMIFS(Rohdaten!$BH:$BH,Rohdaten!$C:$C,Einzelabend!$B$7) -> 0 | D34: =SUMIFS(Rohdaten!$CF:$CF,Rohdaten!$C:$C,Einzelabend!$B$6)+SUMIFS(Rohdaten!$CF:$CF,Rohdaten!$C:$C,Einzelabend!$B$7) -> 0 | E34: =SUMIFS(Rohdaten!$BH:$BH,Rohdaten!$C:$C,Einzelabend!$B$8)+SUMIFS(Rohdaten!$BH:$BH,Rohdaten!$C:$C,Einzelabend!$B$9) -> 1 | F34: =SUMIFS(Rohdaten!$CF:$CF,Rohdaten!$C:$C,Einzelabend!$B$8)+SUMIFS(Rohdaten!$CF:$CF,Rohdaten!$C:$C,Einzelabend!$B$9) -> 100 | H34: =C34-E34 -> -1 | I34: =D34-F34 -> -100 | K34: =C9 -> Chäli | L34: =SUMIFS(Rohdaten!$U:$U,Rohdaten!$A:$A,Einzelabend!$C$3,Rohdaten!$D:$D,Einzelabend!$K34) -> 0
A35: 100er | C35: =SUMIFS(Rohdaten!$BO:$BO,Rohdaten!$C:$C,Einzelabend!$B$6)+SUMIFS(Rohdaten!$BO:$BO,Rohdaten!$C:$C,Einzelabend!$B$7) -> 1 | D35: =SUMIFS(Rohdaten!$CG:$CG,Rohdaten!$C:$C,Einzelabend!$B$6)+SUMIFS(Rohdaten!$CG:$CG,Rohdaten!$C:$C,Einzelabend!$B$7) -> 200 | E35: =SUMIFS(Rohdaten!$BO:$BO,Rohdaten!$C:$C,Einzelabend!$B$8)+SUMIFS(Rohdaten!$BO:$BO,Rohdaten!$C:$C,Einzelabend!$B$9) -> 4 | F35: =SUMIFS(Rohdaten!$CG:$CG,Rohdaten!$C:$C,Einzelabend!$B$8)+SUMIFS(Rohdaten!$CG:$CG,Rohdaten!$C:$C,Einzelabend!$B$9) -> 1200 | H35: =C35-E35 -> -3 | I35: =D35-F35 -> -1000
A36: 150er | C36: =SUMIFS(Rohdaten!$BV:$BV,Rohdaten!$C:$C,Einzelabend!$B$6)+SUMIFS(Rohdaten!$BV:$BV,Rohdaten!$C:$C,Einzelabend!$B$7) -> 0 | D36: =SUMIFS(Rohdaten!$CH:$CH,Rohdaten!$C:$C,Einzelabend!$B$6)+SUMIFS(Rohdaten!$CH:$CH,Rohdaten!$C:$C,Einzelabend!$B$7) -> 0 | E36: =SUMIFS(Rohdaten!$BV:$BV,Rohdaten!$C:$C,Einzelabend!$B$8)+SUMIFS(Rohdaten!$BV:$BV,Rohdaten!$C:$C,Einzelabend!$B$9) -> 0 | F36: =SUMIFS(Rohdaten!$CH:$CH,Rohdaten!$C:$C,Einzelabend!$B$8)+SUMIFS(Rohdaten!$CH:$CH,Rohdaten!$C:$C,Einzelabend!$B$9) -> 0 | H36: =C36-E36 -> 0 | I36: =D36-F36 -> 0
A37: 200er | C37: =SUMIFS(Rohdaten!$CC:$CC,Rohdaten!$C:$C,Einzelabend!$B$6)+SUMIFS(Rohdaten!$CC:$CC,Rohdaten!$C:$C,Einzelabend!$B$7) -> 0 | D37: =SUMIFS(Rohdaten!$CI:$CI,Rohdaten!$C:$C,Einzelabend!$B$6)+SUMIFS(Rohdaten!$CI:$CI,Rohdaten!$C:$C,Einzelabend!$B$7) -> 0 | E37: =SUMIFS(Rohdaten!$CC:$CC,Rohdaten!$C:$C,Einzelabend!$B$8)+SUMIFS(Rohdaten!$CC:$CC,Rohdaten!$C:$C,Einzelabend!$B$9) -> 0 | F37: =SUMIFS(Rohdaten!$CI:$CI,Rohdaten!$C:$C,Einzelabend!$B$8)+SUMIFS(Rohdaten!$CI:$CI,Rohdaten!$C:$C,Einzelabend!$B$9) -> 0 | H37: =C37-E37 -> 0 | I37: =D37-F37 -> 0
A38: Anteil Wiise an Total | C38: =D32/C23 -> 0.11606913 | E38: =F32/E23 -> 0.20758769 | H38: =IF(C38>E38,(C38-E38)/E38,(E38-C38)/C38) -> 0.78848326
A40: Total Spenden | C40: =SUMIFS(Rohdaten!$AT:$AT,Rohdaten!$C:$C,Einzelabend!$B$6)+SUMIFS(Rohdaten!$AT:$AT,Rohdaten!$C:$C,Einzelabend!$B$7) -> 80 | E40: =SUMIFS(Rohdaten!$AT:$AT,Rohdaten!$C:$C,Einzelabend!$B$8)+SUMIFS(Rohdaten!$AT:$AT,Rohdaten!$C:$C,Einzelabend!$B$9) -> 0 | H40: =C40-E40 -> 80

Sheet Rohdaten
A1: Jassstatistik Wädi
A4: Datum | B4: Team | D4: Spieler | E4: Teamkonstellation | F4: Punkte Spiel 1 | G4: Punkte Spiel 2 | H4: Punkte Spiel 3 | I4: Punkte Spiel 4 | J4: Punkte Spiel 5 | K4: Punkte Spiel 6 | L4: Punkte Spiel 7 | M4: Punkte Spiel 8 | N4: Punkte Spiel 9 | O4: Punkte Total | P4: Anz. Spiele | Q4: Rundensiege | R4: Teilnahmen | S4: Vorhand | T4: Schub | U4: JFK | V4: Vorhand | W4: Vorhand | X4: Vorhand | Y4: Vorhand | Z4: Vorhand | AA4: Vorhand | AB4: Schieben | AC4: Schieben | AD4: Schieben | AE4: Schieben | AF4: Schieben | AG4: Schieben | AH4: Anteil Vorhand | AI4: Match 1x | AJ4: Match 2x | AK4: Match 2x | AL4: Match 4x | AM4: Match 3x | AN4: Match 3x | AO4: Match Total | AP4: Berg | AQ4: Striche | AR4: Schneider | AS4: Kontermatch | AT4: Spenden | AU4: Anz. 20 1fach | AV4: Anz. 20 2fach | AW4: Anz. 20 2fach | AX4: Anz. 20 4fach | AY4: Anz. 20 3fach | AZ4: Anz. 20 3fach | BA4: Total Anz. 20 | BB4: Anz. 50 1fach | BC4: Anz. 50 2fach | BD4: Anz. 50 2fach | BE4: Anz. 50 4fach | BF4: Anz. 50 3fach | BG4: Anz. 50 3fach | BH4: Total Anz. 50 | BI4: Anz. 100 1fach | BJ4: Anz. 100 2fach | BK4: Anz. 100 2fach | BL4: Anz. 100 4fach | BM4: Anz. 100 3fach | BN4: Anz. 100 3fach | BO4: Total Anz. 100 | BP4: Anz. 150 1fach | BQ4: Anz. 150 2fach | BR4: Anz. 150 2fach | BS4: Anz. 150 4fach | BT4: Anz. 150 3fach | BU4: Anz. 150 3fach | BV4: Total Anz. 150 | BW4: Anz. 200 1fach | BX4: Anz. 200 2fach | BY4: Anz. 200 2fach | BZ4: Anz. 200 4fach | CA4: Anz. 200 3fach | CB4: Anz. 200 3fach | CC4: Total Anz. 200 | CE4: Punkte 20 | CF4: Punkte 50 | CG4: Punkte 100 | CH4: Punkte 150 | CI4: Punkte 200 | CJ4: Total Weisen | CK4: Punkte Match 1x | CL4: Punkte Match 2x | CM4: Punkte Match 3x | CN4: Punkte Match 4x | CO4: Total Match | CQ4: Rank. Total Striche | CR4: Rank. Total Berg | CS4: ø Striche | CT4: Rank. ø Striche | CU4: Rank. Schneider | CV4: Rank. Punkte | CW4: ø Punkte | CX4: Rank ø Punkte | CY4: Rank Anz. Match | CZ4: Rank Punkte Match | DA4: Rank Anz. Match 1fach | DB4: Rank Anz. Match 2fach | DC4: Rank Anz. Match 3fach | DD4: Rank Anz. Match 4fach | DE4: Rank Punkte Weisen | DF4: Rank Anz. 20er | DG4: Rank Punkte 20er | DH4: Rank Anz. 50er | DI4: Rank Punkte 50er | DJ4: Rank Anz. 100er | DK4: Rank Punkte 100er | DL4: Rank Anz. 150er | DM4: Rank Punkte 150er | DN4: Rank Anz. 200er | DO4: Rank Punkte 200er | DP4: Tagessieg | DQ4: Rank Tagessieg | DR4: Rank Teilnahmen | DS4: Rank Spenden | DT4: ø Spende/Abend | DU4: Rank ø Spende/Abend | DV4: ø Anzahl Punkte/Spiel | DW4: ø Rank Anzahl Punkte/Spiel | DX4: ø Anzahl Striche/Spiel | DY4: ø Rank Anzahl Punkte/Spiel | DZ4: Rank. Kontermatch | EA4: Rank. Rundensiege | EB4: Rank JFK | EC4: Chefschwätzer | EL4: Spieler | EN4: Wiisanteil | EO4: Sieger hat weniger Punkte
A5: 46102 | B5: Team 1 | C5: =A5&B5 -> 46102Team 1 | D5: Fuchs | E5: =D5&D6 -> FuchsKüng | F5: 3002 | G5: 3157 | H5: 3340 | I5: 2444 | J5: 2591 | K5: 3011 | O5: =IF(SUM(F5:N5)=0,"",SUM(F5:N5)) -> 17545 | P5: =IF(COUNTA(F5:N5)=0,"",COUNTA(F5:N5)) -> 6 | Q5: 3 | R5: 1 | S5: =SUM(V5:AA5) -> 6 | T5: =SUM(AB6:AG6) -> 10 | X5: 1 | Y5: 2 | Z5: 2 | AA5: 1 | AC5: 3 | AE5: 4 | AG5: 3 | AH5: =IFERROR(S5/(S5+T5),"") -> 0.375 | AO5: =SUM(AI5:AN5) -> 0 | AP5: 2 | AQ5: 8 | AT5: 30 | AV5: 4 | AX5: 1 | AY5: 4 | AZ5: 2 | BA5: =SUM(AU5:AZ5) -> 11 | BE5: 1 | BH5: =SUM(BB5:BG5) -> 1 | BO5: =SUM(BI5:BN5) -> 0 | BV5: =SUM(BP5:BU5) -> 0 | CC5: =SUM(BW5:CB5) -> 0 | CE5: =(AU5*20)+(AV5*40)+(AW5*40)+(AX5*80)+(AY5*60)+(AZ5*60) -> 600 | CF5: =(BB5*50)+(BC5*100)+(BD5*100)+(BE5*200)+(BF5*150)+(BG5*150) -> 200 | CG5: =(BI5*100)+(BJ5*200)+(BK5*200)+(BL5*400)+(BM5*300)+(BN5*300) -> 0 | CH5: =(BP5*150)+(BQ5*300)+(BR5*300)+(BS5*600)+(BT5*450)+(BU5*450) -> 0 | CI5: =(BW5*200)+(BX5*400)+(BY5*400)+(BZ5*800)+(CA5*600)+(CB5*600) -> 0 | CJ5: =SUM(CE5:CI5) -> 800 | CK5: =AI5*257 -> 0 | CL5: =(AJ5*514)+(AK5*514) -> 0 | CM5: =(AM5*771)+(AN5*771) -> 0 | CN5: =AL5*1028 -> 0 | CO5: =SUM(CK5:CN5) -> 0 | DP5: =IF(_xlfn.RANK.EQ(AQ5,$AQ$5:$AQ$8,0)=1,1,"") | EC5: =IF(_xlfn.RANK.EQ(CJ5,$CJ$5:$CJ$8,0)=1,1,"") | EL5: =D5 -> Fuchs | EN5: =(CJ5+CJ6)/(O5) -> 0.12197207 | EO5: =IF(AND(DP5=1,O5<O7),1,"")
A6: 46102 | B6: Team 1.1 | C6: =A6&B6 -> 46102Team 1.1 | D6: Küng | F6: 3002 | G6: 3157 | H6: 3340 | I6: 2444 | J6: 2591 | K6: 3011 | O6: =IF(SUM(F6:N6)=0,"",SUM(F6:N6)) -> 17545 | P6: =IF(COUNTA(F6:N6)=0,"",COUNTA(F6:N6)) -> 6 | Q6: 3 | R6: 1 | S6: =SUM(V6:AA6) -> 5 | T6: =SUM(AB5:AG5) -> 10 | U6: 1 | Y6: 3 | Z6: 2 | AC6: 3 | AD6: 1 | AE6: 5 | AF6: 1 | AH6: =IFERROR(S6/(S6+T6),"") -> 0.33333333 | AO6: =SUM(AI6:AN6) -> 0 | AP6: 2 | AQ6: 8 | AT6: 30 | AX6: 3 | AY6: 4 | AZ6: 1 | BA6: =SUM(AU6:AZ6) -> 8 | BE6: 2 | BH6: =SUM(BB6:BG6) -> 2 | BL6: 1 | BO6: =SUM(BI6:BN6) -> 1 | BV6: =SUM(BP6:BU6) -> 0 | CC6: =SUM(BW6:CB6) -> 0 | CE6: =(AU6*20)+(AV6*40)+(AW6*40)+(AX6*80)+(AY6*60)+(AZ6*60) -> 540 | CF6: =(BB6*50)+(BC6*100)+(BD6*100)+(BE6*200)+(BF6*150)+(BG6*150) -> 400 | CG6: =(BI6*100)+(BJ6*200)+(BK6*200)+(BL6*400)+(BM6*300)+(BN6*300) -> 400 | CH6: =(BP6*150)+(BQ6*300)+(BR6*300)+(BS6*600)+(BT6*450)+(BU6*450) -> 0 | CI6: =(BW6*200)+(BX6*400)+(BY6*400)+(BZ6*800)+(CA6*600)+(CB6*600) -> 0 | CJ6: =SUM(CE6:CI6) -> 1340 | CK6: =AI6*257 -> 0 | CL6: =(AJ6*514)+(AK6*514) -> 0 | CM6: =(AM6*771)+(AN6*771) -> 0 | CN6: =AL6*1028 -> 0 | CO6: =SUM(CK6:CN6) -> 0 | DP6: =IF(_xlfn.RANK.EQ(AQ6,$AQ$5:$AQ$8,0)=1,1,"") | EC6: =IF(_xlfn.RANK.EQ(CJ6,$CJ$5:$CJ$8,0)=1,1,"") | EL6: =D6 -> Küng
A7: 46102 | B7: Team 2 | C7: =A7&B7 -> 46102Team 2 | D7: Goonse | E7: =D7&D8 -> GoonseChäli | F7: 2487 | G7: 2739 | H7: 3036 | I7: 3445 | J7: 3049 | K7: 3054 | O7: =IF(SUM(F7:N7)=0,"",SUM(F7:N7)) -> 17810 | P7: =IF(COUNTA(F7:N7)=0,"",COUNTA(F7:N7)) -> 6 | Q7: 3 | R7: 1 | S7: =SUM(V7:AA7) -> 5 | T7: =SUM(AB8:AG8) -> 10 | U7: 2 | Y7: 1 | Z7: 4 | AB7: 2 | AC7: 1 | AE7: 3 | AG7: 3 | AH7: =IFERROR(S7/(S7+T7),"") -> 0.33333333 | AN7: 1 | AO7: =SUM(AI7:AN7) -> 1 | AP7: 4 | AQ7: 11 | AU7: 1 | AV7: 1 | AX7: 4 | AY7: 3 | AZ7: 1 | BA7: =SUM(AU7:AZ7) -> 10 | BC7: 1 | BH7: =SUM(BB7:BG7) -> 1 | BO7: =SUM(BI7:BN7) -> 0 | BS7: 1 | BV7: =SUM(BP7:BU7) -> 1 | CC7: =SUM(BW7:CB7) -> 0 | CE7: =(AU7*20)+(AV7*40)+(AW7*40)+(AX7*80)+(AY7*60)+(AZ7*60) -> 620 | CF7: =(BB7*50)+(BC7*100)+(BD7*100)+(BE7*200)+(BF7*150)+(BG7*150) -> 100 | CG7: =(BI7*100)+(BJ7*200)+(BK7*200)+(BL7*400)+(BM7*300)+(BN7*300) -> 0 | CH7: =(BP7*150)+(BQ7*300)+(BR7*300)+(BS7*600)+(BT7*450)+(BU7*450) -> 600 | CI7: =(BW7*200)+(BX7*400)+(BY7*400)+(BZ7*800)+(CA7*600)+(CB7*600) -> 0 | CJ7: =SUM(CE7:CI7) -> 1320 | CK7: =AI7*257 -> 0 | CL7: =(AJ7*514)+(AK7*514) -> 0 | CM7: =(AM7*771)+(AN7*771) -> 771 | CN7: =AL7*1028 -> 0 | CO7: =SUM(CK7:CN7) -> 771 | DP7: =IF(_xlfn.RANK.EQ(AQ7,$AQ$5:$AQ$8,0)=1,1,"") -> 1 | EC7: =IF(_xlfn.RANK.EQ(CJ7,$CJ$5:$CJ$8,0)=1,1,"") | EL7: =D7 -> Goonse | EN7: =(CJ7+CJ8)/(O7) -> 0.23020775 | EO7: =IF(AND(DP7=1,O7<O5),1,"")
A8: 46102 | B8: Team 2.1 | C8: =A8&B8 -> 46102Team 2.1 | D8: Chäli | F8: 2487 | G8: 2739 | H8: 3036 | I8: 3445 | J8: 3049 | K8: 3054 | O8: =IF(SUM(F8:N8)=0,"",SUM(F8:N8)) -> 17810 | P8: =IF(COUNTA(F8:N8)=0,"",COUNTA(F8:N8)) -> 6 | Q8: 3 | R8: 1 | S8: =SUM(V8:AA8) -> 6 | T8: =SUM(AB7:AG7) -> 9 | U8: 1 | W8: 3 | X8: 1 | Y8: 1 | AA8: 1 | AC8: 2 | AD8: 2 | AE8: 2 | AF8: 3 | AG8: 1 | AH8: =IFERROR(S8/(S8+T8),"") -> 0.4 | AN8: 1 | AO8: =SUM(AI8:AN8) -> 1 | AP8: 4 | AQ8: 11 | AV8: 5 | AW8: 3 | AX8: 4 | AY8: 1 | AZ8: 3 | BA8: =SUM(AU8:AZ8) -> 16 | BC8: 2 | BF8: 1 | BH8: =SUM(BB8:BG8) -> 3 | BJ8: 1 | BN8: 1 | BO8: =SUM(BI8:BN8) -> 2 | BS8: 1 | BT8: 1 | BV8: =SUM(BP8:BU8) -> 2 | CC8: =SUM(BW8:CB8) -> 0 | CE8: =(AU8*20)+(AV8*40)+(AW8*40)+(AX8*80)+(AY8*60)+(AZ8*60) -> 880 | CF8: =(BB8*50)+(BC8*100)+(BD8*100)+(BE8*200)+(BF8*150)+(BG8*150) -> 350 | CG8: =(BI8*100)+(BJ8*200)+(BK8*200)+(BL8*400)+(BM8*300)+(BN8*300) -> 500 | CH8: =(BP8*150)+(BQ8*300)+(BR8*300)+(BS8*600)+(BT8*450)+(BU8*450) -> 1050 | CI8: =(BW8*200)+(BX8*400)+(BY8*400)+(BZ8*800)+(CA8*600)+(CB8*600) -> 0 | CJ8: =SUM(CE8:CI8) -> 2780 | CK8: =AI8*257 -> 0 | CL8: =(AJ8*514)+(AK8*514) -> 0 | CM8: =(AM8*771)+(AN8*771) -> 771 | CN8: =AL8*1028 -> 0 | CO8: =SUM(CK8:CN8) -> 771 | DP8: =IF(_xlfn.RANK.EQ(AQ8,$AQ$5:$AQ$8,0)=1,1,"") -> 1 | EC8: =IF(_xlfn.RANK.EQ(CJ8,$CJ$5:$CJ$8,0)=1,1,"") -> 1 | EL8: =D8 -> Chäli
A9: 46111 | B9: Team 1 | C9: =A9&B9 -> 46111Team 1 | D9: Fuchs | E9: =D9&D10 -> FuchsKüng | F9: 2617 | G9: 3118 | H9: 2019 | O9: =IF(SUM(F9:N9)=0,"",SUM(F9:N9)) -> 7754 | P9: =IF(COUNTA(F9:N9)=0,"",COUNTA(F9:N9)) -> 3 | Q9: 1 | R9: 1 | S9: =SUM(V9:AA9) -> 1 | T9: =SUM(AB10:AG10) -> 7 | Y9: 1 | AB9: 1 | AC9: 1 | AE9: 1 | AF9: 1 | AG9: 1 | AH9: =IFERROR(S9/(S9+T9),"") -> 0.125 | AO9: =SUM(AI9:AN9) -> 0 | AP9: 1 | AQ9: 3 | AT9: 40 | AX9: 3 | AZ9: 1 | BA9: =SUM(AU9:AZ9) -> 4 | BH9: =SUM(BB9:BG9) -> 0 | BJ9: 1 | BO9: =SUM(BI9:BN9) -> 1 | BV9: =SUM(BP9:BU9) -> 0 | CC9: =SUM(BW9:CB9) -> 0 | CE9: =(AU9*20)+(AV9*40)+(AW9*40)+(AX9*80)+(AY9*60)+(AZ9*60) -> 300 | CF9: =(BB9*50)+(BC9*100)+(BD9*100)+(BE9*200)+(BF9*150)+(BG9*150) -> 0 | CG9: =(BI9*100)+(BJ9*200)+(BK9*200)+(BL9*400)+(BM9*300)+(BN9*300) -> 200 | CH9: =(BP9*150)+(BQ9*300)+(BR9*300)+(BS9*600)+(BT9*450)+(BU9*450) -> 0 | CI9: =(BW9*200)+(BX9*400)+(BY9*400)+(BZ9*800)+(CA9*600)+(CB9*600) -> 0 | CJ9: =SUM(CE9:CI9) -> 500 | CK9: =AI9*257 -> 0 | CL9: =(AJ9*514)+(AK9*514) -> 0 | CM9: =(AM9*771)+(AN9*771) -> 0 | CN9: =AL9*1028 -> 0 | CO9: =SUM(CK9:CN9) -> 0 | DP9: =IFERROR(IF(_xlfn.RANK.EQ(AQ9,$AQ$9:$AQ$12,0)=1,1,""),"") | EC9: =IF(_xlfn.RANK.EQ(CJ9,$CJ$9:$CJ$12,0)=1,1,"") | EL9: =D9 -> Fuchs | EN9: =(CJ9+CJ10)/(O9) -> 0.11606913 | EO9: =IF(AND(DP9=1,O9<O11),1,"")
A10: 46111 | B10: Team 1.1 | C10: =A10&B10 -> 46111Team 1.1 | D10: Küng | F10: 2617 | G10: 3118 | H10: 2019 | O10: =IF(SUM(F10:N10)=0,"",SUM(F10:N10)) -> 7754 | P10: =IF(COUNTA(F10:N10)=0,"",COUNTA(F10:N10)) -> 3 | Q10: 1 | R10: 1 | S10: =SUM(V10:AA10) -> 3 | T10: =SUM(AB9:AG9) -> 5 | Y10: 2 | AA10: 1 | AD10: 2 | AE10: 2 | AF10: 1 | AG10: 2 | AH10: =IFERROR(S10/(S10+T10),"") -> 0.375 | AO10: =SUM(AI10:AN10) -> 0 | AP10: 1 | AQ10: 3 | AT10: 40 | AW10: 1 | AX10: 3 | AY10: 1 | AZ10: 1 | BA10: =SUM(AU10:AZ10) -> 6 | BH10: =SUM(BB10:BG10) -> 0 | BO10: =SUM(BI10:BN10) -> 0 | BV10: =SUM(BP10:BU10) -> 0 | CC10: =SUM(BW10:CB10) -> 0 | CE10: =(AU10*20)+(AV10*40)+(AW10*40)+(AX10*80)+(AY10*60)+(AZ10*60) -> 400 | CF10: =(BB10*50)+(BC10*100)+(BD10*100)+(BE10*200)+(BF10*150)+(BG10*150) -> 0 | CG10: =(BI10*100)+(BJ10*200)+(BK10*200)+(BL10*400)+(BM10*300)+(BN10*300) -> 0 | CH10: =(BP10*150)+(BQ10*300)+(BR10*300)+(BS10*600)+(BT10*450)+(BU10*450) -> 0 | CI10: =(BW10*200)+(BX10*400)+(BY10*400)+(BZ10*800)+(CA10*600)+(CB10*600) -> 0 | CJ10: =SUM(CE10:CI10) -> 400 | CK10: =AI10*257 -> 0 | CL10: =(AJ10*514)+(AK10*514) -> 0 | CM10: =(AM10*771)+(AN10*771) -> 0 | CN10: =AL10*1028 -> 0 | CO10: =SUM(CK10:CN10) -> 0 | DP10: =IFERROR(IF(_xlfn.RANK.EQ(AQ10,$AQ$9:$AQ$12,0)=1,1,""),"") | EC10: =IF(_xlfn.RANK.EQ(CJ10,$CJ$9:$CJ$12,0)=1,1,"") | EL10: =D10 -> Küng
A11: 46111 | B11: Team 2 | C11: =A11&B11 -> 46111Team 2 | D11: Goonse | E11: =D11&D12 -> GoonseChäli | F11: 3130 | G11: 2189 | H11: 3063 | O11: =IF(SUM(F11:N11)=0,"",SUM(F11:N11)) -> 8382 | P11: =IF(COUNTA(F11:N11)=0,"",COUNTA(F11:N11)) -> 3 | Q11: 2 | R11: 1 | S11: =SUM(V11:AA11) -> 2 | T11: =SUM(AB12:AG12) -> 6 | U11: 1 | W11: 1 | Y11: 1 | AC11: 2 | AD11: 1 | AF11: 2 | AG11: 1 | AH11: =IFERROR(S11/(S11+T11),"") -> 0.25 | AJ11: 1 | AO11: =SUM(AI11:AN11) -> 1 | AP11: 2 | AQ11: 7 | AV11: 1 | AY11: 1 | BA11: =SUM(AU11:AZ11) -> 2 | BH11: =SUM(BB11:BG11) -> 0 | BK11: 1 | BL11: 1 | BO11: =SUM(BI11:BN11) -> 2 | BV11: =SUM(BP11:BU11) -> 0 | CC11: =SUM(BW11:CB11) -> 0 | CE11: =(AU11*20)+(AV11*40)+(AW11*40)+(AX11*80)+(AY11*60)+(AZ11*60) -> 100 | CF11: =(BB11*50)+(BC11*100)+(BD11*100)+(BE11*200)+(BF11*150)+(BG11*150) -> 0 | CG11: =(BI11*100)+(BJ11*200)+(BK11*200)+(BL11*400)+(BM11*300)+(BN11*300) -> 600 | CH11: =(BP11*150)+(BQ11*300)+(BR11*300)+(BS11*600)+(BT11*450)+(BU11*450) -> 0 | CI11: =(BW11*200)+(BX11*400)+(BY11*400)+(BZ11*800)+(CA11*600)+(CB11*600) -> 0 | CJ11: =SUM(CE11:CI11) -> 700 | CK11: =AI11*257 -> 0 | CL11: =(AJ11*514)+(AK11*514) -> 514 | CM11: =(AM11*771)+(AN11*771) -> 0 | CN11: =AL11*1028 -> 0 | CO11: =SUM(CK11:CN11) -> 514 | DP11: =IFERROR(IF(_xlfn.RANK.EQ(AQ11,$AQ$9:$AQ$12,0)=1,1,""),"") -> 1 | EC11: =IF(_xlfn.RANK.EQ(CJ11,$CJ$9:$CJ$12,0)=1,1,"") | EL11: =D11 -> Goonse | EN11: =(CJ11+CJ12)/(O11) -> 0.20758769 | EO11: =IF(AND(DP11=1,O11<O9),1,"")
A12: 46111 | B12: Team 2.1 | C12: =A12&B12 -> 46111Team 2.1 | D12: Chäli | F12: 3130 | G12: 2189 | H12: 3063 | O12: =IF(SUM(F12:N12)=0,"",SUM(F12:N12)) -> 8382 | P12: =IF(COUNTA(F12:N12)=0,"",COUNTA(F12:N12)) -> 3 | Q12: 2 | R12: 1 | S12: =SUM(V12:AA12) -> 2 | T12: =SUM(AB11:AG11) -> 6 | V12: 1 | W12: 1 | AB12: 1 | AD12: 3 | AF12: 2 | AH12: =IFERROR(S12/(S12+T12),"") -> 0.25 | AJ12: 1 | AO12: =SUM(AI12:AN12) -> 1 | AP12: 2 | AQ12: 7 | AV12: 1 | AW12: 1 | AX12: 1 | AZ12: 3 | BA12: =SUM(AU12:AZ12) -> 6 | BD12: 1 | BH12: =SUM(BB12:BG12) -> 1 | BM12: 1 | BN12: 1 | BO12: =SUM(BI12:BN12) -> 2 | BV12: =SUM(BP12:BU12) -> 0 | CC12: =SUM(BW12:CB12) -> 0 | CE12: =(AU12*20)+(AV12*40)+(AW12*40)+(AX12*80)+(AY12*60)+(AZ12*60) -> 340 | CF12: =(BB12*50)+(BC12*100)+(BD12*100)+(BE12*200)+(BF12*150)+(BG12*150) -> 100 | CG12: =(BI12*100)+(BJ12*200)+(BK12*200)+(BL12*400)+(BM12*300)+(BN12*300) -> 600 | CH12: =(BP12*150)+(BQ12*300)+(BR12*300)+(BS12*600)+(BT12*450)+(BU12*450) -> 0 | CI12: =(BW12*200)+(BX12*400)+(BY12*400)+(BZ12*800)+(CA12*600)+(CB12*600) -> 0 | CJ12: =SUM(CE12:CI12) -> 1040 | CK12: =AI12*257 -> 0 | CL12: =(AJ12*514)+(AK12*514) -> 514 | CM12: =(AM12*771)+(AN12*771) -> 0 | CN12: =AL12*1028 -> 0 | CO12: =SUM(CK12:CN12) -> 514 | DP12: =IFERROR(IF(_xlfn.RANK.EQ(AQ12,$AQ$9:$AQ$12,0)=1,1,""),"") -> 1 | EC12: =IF(_xlfn.RANK.EQ(CJ12,$CJ$9:$CJ$12,0)=1,1,"") -> 1 | EL12: =D12 -> Chäli
B13: Team 1 | C13: =A13&B13 -> Team 1 | E13: =D13&D14 | O13: =IF(SUM(F13:N13)=0,"",SUM(F13:N13)) | P13: =IF(COUNTA(F13:N13)=0,"",COUNTA(F13:N13)) | S13: =SUM(V13:AA13) -> 0 | T13: =SUM(AB14:AG14) -> 0 | AH13: =IFERROR(S13/(S13+T13),"") | AO13: =SUM(AI13:AN13) -> 0 | BA13: =SUM(AU13:AZ13) -> 0 | BH13: =SUM(BB13:BG13) -> 0 | BO13: =SUM(BI13:BN13) -> 0 | BV13: =SUM(BP13:BU13) -> 0 | CC13: =SUM(BW13:CB13) -> 0 | CE13: =(AU13*20)+(AV13*40)+(AW13*40)+(AX13*80)+(AY13*60)+(AZ13*60) -> 0 | CF13: =(BB13*50)+(BC13*100)+(BD13*100)+(BE13*200)+(BF13*150)+(BG13*150) -> 0 | CG13: =(BI13*100)+(BJ13*200)+(BK13*200)+(BL13*400)+(BM13*300)+(BN13*300) -> 0 | CH13: =(BP13*150)+(BQ13*300)+(BR13*300)+(BS13*600)+(BT13*450)+(BU13*450) -> 0 | CI13: =(BW13*200)+(BX13*400)+(BY13*400)+(BZ13*800)+(CA13*600)+(CB13*600) -> 0 | CJ13: =SUM(CE13:CI13) -> 0 | CK13: =AI13*257 -> 0 | CL13: =(AJ13*514)+(AK13*514) -> 0 | CM13: =(AM13*771)+(AN13*771) -> 0 | CN13: =AL13*1028 -> 0 | CO13: =SUM(CK13:CN13) -> 0 | DP13: =IFERROR(IF(_xlfn.RANK.EQ(AQ13,$AQ$13:$AQ$16,0)=1,1,""),"") | EC13: =IF(_xlfn.RANK.EQ(CJ13,$CJ$13:$CJ$16,0)=1,1,"") -> 1 | EL13: =D13 -> 0 | EN13: =(CJ13+CJ14)/(O13) -> #VALUE! | EO13: =IF(AND(DP13=1,O13<O15),1,"")
B14: Team 1.1 | C14: =A14&B14 -> Team 1.1 | O14: =IF(SUM(F14:N14)=0,"",SUM(F14:N14)) | P14: =IF(COUNTA(F14:N14)=0,"",COUNTA(F14:N14)) | S14: =SUM(V14:AA14) -> 0 | T14: =SUM(AB13:AG13) -> 0 | AH14: =IFERROR(S14/(S14+T14),"") | AO14: =SUM(AI14:AN14) -> 0 | BA14: =SUM(AU14:AZ14) -> 0 | BH14: =SUM(BB14:BG14) -> 0 | BO14: =SUM(BI14:BN14) -> 0 | BV14: =SUM(BP14:BU14) -> 0 | CC14: =SUM(BW14:CB14) -> 0 | CE14: =(AU14*20)+(AV14*40)+(AW14*40)+(AX14*80)+(AY14*60)+(AZ14*60) -> 0 | CF14: =(BB14*50)+(BC14*100)+(BD14*100)+(BE14*200)+(BF14*150)+(BG14*150) -> 0 | CG14: =(BI14*100)+(BJ14*200)+(BK14*200)+(BL14*400)+(BM14*300)+(BN14*300) -> 0 | CH14: =(BP14*150)+(BQ14*300)+(BR14*300)+(BS14*600)+(BT14*450)+(BU14*450) -> 0 | CI14: =(BW14*200)+(BX14*400)+(BY14*400)+(BZ14*800)+(CA14*600)+(CB14*600) -> 0 | CJ14: =SUM(CE14:CI14) -> 0 | CK14: =AI14*257 -> 0 | CL14: =(AJ14*514)+(AK14*514) -> 0 | CM14: =(AM14*771)+(AN14*771) -> 0 | CN14: =AL14*1028 -> 0 | CO14: =SUM(CK14:CN14) -> 0 | DP14: =IFERROR(IF(_xlfn.RANK.EQ(AQ14,$AQ$13:$AQ$16,0)=1,1,""),"") | EC14: =IF(_xlfn.RANK.EQ(CJ14,$CJ$13:$CJ$16,0)=1,1,"") -> 1 | EL14: =D14 -> 0
B15: Team 2 | C15: =A15&B15 -> Team 2 | E15: =D15&D16 | O15: =IF(SUM(F15:N15)=0,"",SUM(F15:N15)) | P15: =IF(COUNTA(F15:N15)=0,"",COUNTA(F15:N15)) | S15: =SUM(V15:AA15) -> 0 | T15: =SUM(AB16:AG16) -> 0 | AH15: =IFERROR(S15/(S15+T15),"") | AO15: =SUM(AI15:AN15) -> 0 | BA15: =SUM(AU15:AZ15) -> 0 | BH15: =SUM(BB15:BG15) -> 0 | BO15: =SUM(BI15:BN15) -> 0 | BV15: =SUM(BP15:BU15) -> 0 | CC15: =SUM(BW15:CB15) -> 0 | CE15: =(AU15*20)+(AV15*40)+(AW15*40)+(AX15*80)+(AY15*60)+(AZ15*60) -> 0 | CF15: =(BB15*50)+(BC15*100)+(BD15*100)+(BE15*200)+(BF15*150)+(BG15*150) -> 0 | CG15: =(BI15*100)+(BJ15*200)+(BK15*200)+(BL15*400)+(BM15*300)+(BN15*300) -> 0 | CH15: =(BP15*150)+(BQ15*300)+(BR15*300)+(BS15*600)+(BT15*450)+(BU15*450) -> 0 | CI15: =(BW15*200)+(BX15*400)+(BY15*400)+(BZ15*800)+(CA15*600)+(CB15*600) -> 0 | CJ15: =SUM(CE15:CI15) -> 0 | CK15: =AI15*257 -> 0 | CL15: =(AJ15*514)+(AK15*514) -> 0 | CM15: =(AM15*771)+(AN15*771) -> 0 | CN15: =AL15*1028 -> 0 | CO15: =SUM(CK15:CN15) -> 0 | DP15: =IFERROR(IF(_xlfn.RANK.EQ(AQ15,$AQ$13:$AQ$16,0)=1,1,""),"") | EC15: =IF(_xlfn.RANK.EQ(CJ15,$CJ$13:$CJ$16,0)=1,1,"") -> 1 | EL15: =D15 -> 0 | EN15: =(CJ15+CJ16)/(O15) -> #VALUE! | EO15: =IF(AND(DP15=1,O15<O13),1,"")
B16: Team 2.1 | C16: =A16&B16 -> Team 2.1 | O16: =IF(SUM(F16:N16)=0,"",SUM(F16:N16)) | P16: =IF(COUNTA(F16:N16)=0,"",COUNTA(F16:N16)) | S16: =SUM(V16:AA16) -> 0 | T16: =SUM(AB15:AG15) -> 0 | AH16: =IFERROR(S16/(S16+T16),"") | AO16: =SUM(AI16:AN16) -> 0 | BA16: =SUM(AU16:AZ16) -> 0 | BH16: =SUM(BB16:BG16) -> 0 | BO16: =SUM(BI16:BN16) -> 0 | BV16: =SUM(BP16:BU16) -> 0 | CC16: =SUM(BW16:CB16) -> 0 | CE16: =(AU16*20)+(AV16*40)+(AW16*40)+(AX16*80)+(AY16*60)+(AZ16*60) -> 0 | CF16: =(BB16*50)+(BC16*100)+(BD16*100)+(BE16*200)+(BF16*150)+(BG16*150) -> 0 | CG16: =(BI16*100)+(BJ16*200)+(BK16*200)+(BL16*400)+(BM16*300)+(BN16*300) -> 0 | CH16: =(BP16*150)+(BQ16*300)+(BR16*300)+(BS16*600)+(BT16*450)+(BU16*450) -> 0 | CI16: =(BW16*200)+(BX16*400)+(BY16*400)+(BZ16*800)+(CA16*600)+(CB16*600) -> 0 | CJ16: =SUM(CE16:CI16) -> 0 | CK16: =AI16*257 -> 0 | CL16: =(AJ16*514)+(AK16*514) -> 0 | CM16: =(AM16*771)+(AN16*771) -> 0 | CN16: =AL16*1028 -> 0 | CO16: =SUM(CK16:CN16) -> 0 | DP16: =IFERROR(IF(_xlfn.RANK.EQ(AQ16,$AQ$13:$AQ$16,0)=1,1,""),"") | EC16: =IF(_xlfn.RANK.EQ(CJ16,$CJ$13:$CJ$16,0)=1,1,"") -> 1 | EL16: =D16 -> 0
B17: Team 1 | C17: =A17&B17 -> Team 1 | E17: =D17&D18 | O17: =IF(SUM(F17:N17)=0,"",SUM(F17:N17)) | P17: =IF(COUNTA(F17:N17)=0,"",COUNTA(F17:N17)) | S17: =SUM(V17:AA17) -> 0 | T17: =SUM(AB18:AG18) -> 0 | AH17: =IFERROR(S17/(S17+T17),"") | AO17: =SUM(AI17:AN17) -> 0 | BA17: =SUM(AU17:AZ17) -> 0 | BH17: =SUM(BB17:BG17) -> 0 | BO17: =SUM(BI17:BN17) -> 0 | BV17: =SUM(BP17:BU17) -> 0 | CC17: =SUM(BW17:CB17) -> 0 | CE17: =(AU17*20)+(AV17*40)+(AW17*40)+(AX17*80)+(AY17*60)+(AZ17*60) -> 0 | CF17: =(BB17*50)+(BC17*100)+(BD17*100)+(BE17*200)+(BF17*150)+(BG17*150) -> 0 | CG17: =(BI17*100)+(BJ17*200)+(BK17*200)+(BL17*400)+(BM17*300)+(BN17*300) -> 0 | CH17: =(BP17*150)+(BQ17*300)+(BR17*300)+(BS17*600)+(BT17*450)+(BU17*450) -> 0 | CI17: =(BW17*200)+(BX17*400)+(BY17*400)+(BZ17*800)+(CA17*600)+(CB17*600) -> 0 | CJ17: =SUM(CE17:CI17) -> 0 | CK17: =AI17*257 -> 0 | CL17: =(AJ17*514)+(AK17*514) -> 0 | CM17: =(AM17*771)+(AN17*771) -> 0 | CN17: =AL17*1028 -> 0 | CO17: =SUM(CK17:CN17) -> 0 | DP17: =IFERROR(IF(_xlfn.RANK.EQ(AQ17,$AQ$17:$AQ$20,0)=1,1,""),"") | EC17: =IF(_xlfn.RANK.EQ(CJ17,$CJ$17:$CJ$20,0)=1,1,"") -> 1 | EL17: =D17 -> 0 | EN17: =(CJ17+CJ18)/(O17) -> #VALUE! | EO17: =IF(AND(DP17=1,O17<O19),1,"")
B18: Team 1.1 | C18: =A18&B18 -> Team 1.1 | O18: =IF(SUM(F18:N18)=0,"",SUM(F18:N18)) | P18: =IF(COUNTA(F18:N18)=0,"",COUNTA(F18:N18)) | S18: =SUM(V18:AA18) -> 0 | T18: =SUM(AB17:AG17) -> 0 | AH18: =IFERROR(S18/(S18+T18),"") | AO18: =SUM(AI18:AN18) -> 0 | BA18: =SUM(AU18:AZ18) -> 0 | BH18: =SUM(BB18:BG18) -> 0 | BO18: =SUM(BI18:BN18) -> 0 | BV18: =SUM(BP18:BU18) -> 0 | CC18: =SUM(BW18:CB18) -> 0 | CE18: =(AU18*20)+(AV18*40)+(AW18*40)+(AX18*80)+(AY18*60)+(AZ18*60) -> 0 | CF18: =(BB18*50)+(BC18*100)+(BD18*100)+(BE18*200)+(BF18*150)+(BG18*150) -> 0 | CG18: =(BI18*100)+(BJ18*200)+(BK18*200)+(BL18*400)+(BM18*300)+(BN18*300) -> 0 | CH18: =(BP18*150)+(BQ18*300)+(BR18*300)+(BS18*600)+(BT18*450)+(BU18*450) -> 0 | CI18: =(BW18*200)+(BX18*400)+(BY18*400)+(BZ18*800)+(CA18*600)+(CB18*600) -> 0 | CJ18: =SUM(CE18:CI18) -> 0 | CK18: =AI18*257 -> 0 | CL18: =(AJ18*514)+(AK18*514) -> 0 | CM18: =(AM18*771)+(AN18*771) -> 0 | CN18: =AL18*1028 -> 0 | CO18: =SUM(CK18:CN18) -> 0 | DP18: =IFERROR(IF(_xlfn.RANK.EQ(AQ18,$AQ$17:$AQ$20,0)=1,1,""),"") | EC18: =IF(_xlfn.RANK.EQ(CJ18,$CJ$17:$CJ$20,0)=1,1,"") -> 1 | EL18: =D18 -> 0
B19: Team 2 | C19: =A19&B19 -> Team 2 | E19: =D19&D20 | O19: =IF(SUM(F19:N19)=0,"",SUM(F19:N19)) | P19: =IF(COUNTA(F19:N19)=0,"",COUNTA(F19:N19)) | S19: =SUM(V19:AA19) -> 0 | T19: =SUM(AB20:AG20) -> 0 | AH19: =IFERROR(S19/(S19+T19),"") | AO19: =SUM(AI19:AN19) -> 0 | BA19: =SUM(AU19:AZ19) -> 0 | BH19: =SUM(BB19:BG19) -> 0 | BO19: =SUM(BI19:BN19) -> 0 | BV19: =SUM(BP19:BU19) -> 0 | CC19: =SUM(BW19:CB19) -> 0 | CE19: =(AU19*20)+(AV19*40)+(AW19*40)+(AX19*80)+(AY19*60)+(AZ19*60) -> 0 | CF19: =(BB19*50)+(BC19*100)+(BD19*100)+(BE19*200)+(BF19*150)+(BG19*150) -> 0 | CG19: =(BI19*100)+(BJ19*200)+(BK19*200)+(BL19*400)+(BM19*300)+(BN19*300) -> 0 | CH19: =(BP19*150)+(BQ19*300)+(BR19*300)+(BS19*600)+(BT19*450)+(BU19*450) -> 0 | CI19: =(BW19*200)+(BX19*400)+(BY19*400)+(BZ19*800)+(CA19*600)+(CB19*600) -> 0 | CJ19: =SUM(CE19:CI19) -> 0 | CK19: =AI19*257 -> 0 | CL19: =(AJ19*514)+(AK19*514) -> 0 | CM19: =(AM19*771)+(AN19*771) -> 0 | CN19: =AL19*1028 -> 0 | CO19: =SUM(CK19:CN19) -> 0 | DP19: =IFERROR(IF(_xlfn.RANK.EQ(AQ19,$AQ$17:$AQ$20,0)=1,1,""),"") | EC19: =IF(_xlfn.RANK.EQ(CJ19,$CJ$17:$CJ$20,0)=1,1,"") -> 1 | EL19: =D19 -> 0 | EN19: =(CJ19+CJ20)/(O19) -> #VALUE! | EO19: =IF(AND(DP19=1,O19<O17),1,"")
B20: Team 2.1 | C20: =A20&B20 -> Team 2.1 | O20: =IF(SUM(F20:N20)=0,"",SUM(F20:N20)) | P20: =IF(COUNTA(F20:N20)=0,"",COUNTA(F20:N20)) | S20: =SUM(V20:AA20) -> 0 | T20: =SUM(AB19:AG19) -> 0 | AH20: =IFERROR(S20/(S20+T20),"") | AO20: =SUM(AI20:AN20) -> 0 | BA20: =SUM(AU20:AZ20) -> 0 | BH20: =SUM(BB20:BG20) -> 0 | BO20: =SUM(BI20:BN20) -> 0 | BV20: =SUM(BP20:BU20) -> 0 | CC20: =SUM(BW20:CB20) -> 0 | CE20: =(AU20*20)+(AV20*40)+(AW20*40)+(AX20*80)+(AY20*60)+(AZ20*60) -> 0 | CF20: =(BB20*50)+(BC20*100)+(BD20*100)+(BE20*200)+(BF20*150)+(BG20*150) -> 0 | CG20: =(BI20*100)+(BJ20*200)+(BK20*200)+(BL20*400)+(BM20*300)+(BN20*300) -> 0 | CH20: =(BP20*150)+(BQ20*300)+(BR20*300)+(BS20*600)+(BT20*450)+(BU20*450) -> 0 | CI20: =(BW20*200)+(BX20*400)+(BY20*400)+(BZ20*800)+(CA20*600)+(CB20*600) -> 0 | CJ20: =SUM(CE20:CI20) -> 0 | CK20: =AI20*257 -> 0 | CL20: =(AJ20*514)+(AK20*514) -> 0 | CM20: =(AM20*771)+(AN20*771) -> 0 | CN20: =AL20*1028 -> 0 | CO20: =SUM(CK20:CN20) -> 0 | DP20: =IFERROR(IF(_xlfn.RANK.EQ(AQ20,$AQ$17:$AQ$20,0)=1,1,""),"") | EC20: =IF(_xlfn.RANK.EQ(CJ20,$CJ$17:$CJ$20,0)=1,1,"") -> 1 | EL20: =D20 -> 0
B21: Team 1 | C21: =A21&B21 -> Team 1 | E21: =D21&D22 | O21: =IF(SUM(F21:N21)=0,"",SUM(F21:N21)) | P21: =IF(COUNTA(F21:N21)=0,"",COUNTA(F21:N21)) | S21: =SUM(V21:AA21) -> 0 | T21: =SUM(AB22:AG22) -> 0 | AH21: =IFERROR(S21/(S21+T21),"") | AO21: =SUM(AI21:AN21) -> 0 | BA21: =SUM(AU21:AZ21) -> 0 | BH21: =SUM(BB21:BG21) -> 0 | BO21: =SUM(BI21:BN21) -> 0 | BV21: =SUM(BP21:BU21) -> 0 | CC21: =SUM(BW21:CB21) -> 0 | CE21: =(AU21*20)+(AV21*40)+(AW21*40)+(AX21*80)+(AY21*60)+(AZ21*60) -> 0 | CF21: =(BB21*50)+(BC21*100)+(BD21*100)+(BE21*200)+(BF21*150)+(BG21*150) -> 0 | CG21: =(BI21*100)+(BJ21*200)+(BK21*200)+(BL21*400)+(BM21*300)+(BN21*300) -> 0 | CH21: =(BP21*150)+(BQ21*300)+(BR21*300)+(BS21*600)+(BT21*450)+(BU21*450) -> 0 | CI21: =(BW21*200)+(BX21*400)+(BY21*400)+(BZ21*800)+(CA21*600)+(CB21*600) -> 0 | CJ21: =SUM(CE21:CI21) -> 0 | CK21: =AI21*257 -> 0 | CL21: =(AJ21*514)+(AK21*514) -> 0 | CM21: =(AM21*771)+(AN21*771) -> 0 | CN21: =AL21*1028 -> 0 | CO21: =SUM(CK21:CN21) -> 0 | DP21: =IFERROR(IF(_xlfn.RANK.EQ(AQ21,$AQ$21:$AQ$24,0)=1,1,""),"") | EC21: =IF(_xlfn.RANK.EQ(CJ21,$CJ$21:$CJ$24,0)=1,1,"") -> 1 | EL21: =D21 -> 0 | EN21: =(CJ21+CJ22)/(O21) -> #VALUE! | EO21: =IF(AND(DP21=1,O21<O23),1,"")
B22: Team 1.1 | C22: =A22&B22 -> Team 1.1 | O22: =IF(SUM(F22:N22)=0,"",SUM(F22:N22)) | P22: =IF(COUNTA(F22:N22)=0,"",COUNTA(F22:N22)) | S22: =SUM(V22:AA22) -> 0 | T22: =SUM(AB21:AG21) -> 0 | AH22: =IFERROR(S22/(S22+T22),"") | AO22: =SUM(AI22:AN22) -> 0 | BA22: =SUM(AU22:AZ22) -> 0 | BH22: =SUM(BB22:BG22) -> 0 | BO22: =SUM(BI22:BN22) -> 0 | BV22: =SUM(BP22:BU22) -> 0 | CC22: =SUM(BW22:CB22) -> 0 | CE22: =(AU22*20)+(AV22*40)+(AW22*40)+(AX22*80)+(AY22*60)+(AZ22*60) -> 0 | CF22: =(BB22*50)+(BC22*100)+(BD22*100)+(BE22*200)+(BF22*150)+(BG22*150) -> 0 | CG22: =(BI22*100)+(BJ22*200)+(BK22*200)+(BL22*400)+(BM22*300)+(BN22*300) -> 0 | CH22: =(BP22*150)+(BQ22*300)+(BR22*300)+(BS22*600)+(BT22*450)+(BU22*450) -> 0 | CI22: =(BW22*200)+(BX22*400)+(BY22*400)+(BZ22*800)+(CA22*600)+(CB22*600) -> 0 | CJ22: =SUM(CE22:CI22) -> 0 | CK22: =AI22*257 -> 0 | CL22: =(AJ22*514)+(AK22*514) -> 0 | CM22: =(AM22*771)+(AN22*771) -> 0 | CN22: =AL22*1028 -> 0 | CO22: =SUM(CK22:CN22) -> 0 | DP22: =IFERROR(IF(_xlfn.RANK.EQ(AQ22,$AQ$21:$AQ$24,0)=1,1,""),"") | EC22: =IF(_xlfn.RANK.EQ(CJ22,$CJ$21:$CJ$24,0)=1,1,"") -> 1 | EL22: =D22 -> 0
B23: Team 2 | C23: =A23&B23 -> Team 2 | E23: =D23&D24 | O23: =IF(SUM(F23:N23)=0,"",SUM(F23:N23)) | P23: =IF(COUNTA(F23:N23)=0,"",COUNTA(F23:N23)) | S23: =SUM(V23:AA23) -> 0 | T23: =SUM(AB24:AG24) -> 0 | AH23: =IFERROR(S23/(S23+T23),"") | AO23: =SUM(AI23:AN23) -> 0 | BA23: =SUM(AU23:AZ23) -> 0 | BH23: =SUM(BB23:BG23) -> 0 | BO23: =SUM(BI23:BN23) -> 0 | BV23: =SUM(BP23:BU23) -> 0 | CC23: =SUM(BW23:CB23) -> 0 | CE23: =(AU23*20)+(AV23*40)+(AW23*40)+(AX23*80)+(AY23*60)+(AZ23*60) -> 0 | CF23: =(BB23*50)+(BC23*100)+(BD23*100)+(BE23*200)+(BF23*150)+(BG23*150) -> 0 | CG23: =(BI23*100)+(BJ23*200)+(BK23*200)+(BL23*400)+(BM23*300)+(BN23*300) -> 0 | CH23: =(BP23*150)+(BQ23*300)+(BR23*300)+(BS23*600)+(BT23*450)+(BU23*450) -> 0 | CI23: =(BW23*200)+(BX23*400)+(BY23*400)+(BZ23*800)+(CA23*600)+(CB23*600) -> 0 | CJ23: =SUM(CE23:CI23) -> 0 | CK23: =AI23*257 -> 0 | CL23: =(AJ23*514)+(AK23*514) -> 0 | CM23: =(AM23*771)+(AN23*771) -> 0 | CN23: =AL23*1028 -> 0 | CO23: =SUM(CK23:CN23) -> 0 | DP23: =IFERROR(IF(_xlfn.RANK.EQ(AQ23,$AQ$21:$AQ$24,0)=1,1,""),"") | EC23: =IF(_xlfn.RANK.EQ(CJ23,$CJ$21:$CJ$24,0)=1,1,"") -> 1 | EL23: =D23 -> 0 | EN23: =(CJ23+CJ24)/(O23) -> #VALUE! | EO23: =IF(AND(DP23=1,O23<O21),1,"")
B24: Team 2.1 | C24: =A24&B24 -> Team 2.1 | O24: =IF(SUM(F24:N24)=0,"",SUM(F24:N24)) | P24: =IF(COUNTA(F24:N24)=0,"",COUNTA(F24:N24)) | S24: =SUM(V24:AA24) -> 0 | T24: =SUM(AB23:AG23) -> 0 | AH24: =IFERROR(S24/(S24+T24),"") | AO24: =SUM(AI24:AN24) -> 0 | BA24: =SUM(AU24:AZ24) -> 0 | BH24: =SUM(BB24:BG24) -> 0 | BO24: =SUM(BI24:BN24) -> 0 | BV24: =SUM(BP24:BU24) -> 0 | CC24: =SUM(BW24:CB24) -> 0 | CE24: =(AU24*20)+(AV24*40)+(AW24*40)+(AX24*80)+(AY24*60)+(AZ24*60) -> 0 | CF24: =(BB24*50)+(BC24*100)+(BD24*100)+(BE24*200)+(BF24*150)+(BG24*150) -> 0 | CG24: =(BI24*100)+(BJ24*200)+(BK24*200)+(BL24*400)+(BM24*300)+(BN24*300) -> 0 | CH24: =(BP24*150)+(BQ24*300)+(BR24*300)+(BS24*600)+(BT24*450)+(BU24*450) -> 0 | CI24: =(BW24*200)+(BX24*400)+(BY24*400)+(BZ24*800)+(CA24*600)+(CB24*600) -> 0 | CJ24: =SUM(CE24:CI24) -> 0 | CK24: =AI24*257 -> 0 | CL24: =(AJ24*514)+(AK24*514) -> 0 | CM24: =(AM24*771)+(AN24*771) -> 0 | CN24: =AL24*1028 -> 0 | CO24: =SUM(CK24:CN24) -> 0 | DP24: =IFERROR(IF(_xlfn.RANK.EQ(AQ24,$AQ$21:$AQ$24,0)=1,1,""),"") | EC24: =IF(_xlfn.RANK.EQ(CJ24,$CJ$21:$CJ$24,0)=1,1,"") -> 1 | EL24: =D24 -> 0
B25: Team 1 | C25: =A25&B25 -> Team 1 | E25: =D25&D26 | O25: =IF(SUM(F25:N25)=0,"",SUM(F25:N25)) | P25: =IF(COUNTA(F25:N25)=0,"",COUNTA(F25:N25)) | S25: =SUM(V25:AA25) -> 0 | T25: =SUM(AB26:AG26) -> 0 | AH25: =IFERROR(S25/(S25+T25),"") | AO25: =SUM(AI25:AN25) -> 0 | BA25: =SUM(AU25:AZ25) -> 0 | BH25: =SUM(BB25:BG25) -> 0 | BO25: =SUM(BI25:BN25) -> 0 | BV25: =SUM(BP25:BU25) -> 0 | CC25: =SUM(BW25:CB25) -> 0 | CE25: =(AU25*20)+(AV25*40)+(AW25*40)+(AX25*80)+(AY25*60)+(AZ25*60) -> 0 | CF25: =(BB25*50)+(BC25*100)+(BD25*100)+(BE25*200)+(BF25*150)+(BG25*150) -> 0 | CG25: =(BI25*100)+(BJ25*200)+(BK25*200)+(BL25*400)+(BM25*300)+(BN25*300) -> 0 | CH25: =(BP25*150)+(BQ25*300)+(BR25*300)+(BS25*600)+(BT25*450)+(BU25*450) -> 0 | CI25: =(BW25*200)+(BX25*400)+(BY25*400)+(BZ25*800)+(CA25*600)+(CB25*600) -> 0 | CJ25: =SUM(CE25:CI25) -> 0 | CK25: =AI25*257 -> 0 | CL25: =(AJ25*514)+(AK25*514) -> 0 | CM25: =(AM25*771)+(AN25*771) -> 0 | CN25: =AL25*1028 -> 0 | CO25: =SUM(CK25:CN25) -> 0 | DP25: =IFERROR(IF(_xlfn.RANK.EQ(AQ25,$AQ$25:$AQ$28,0)=1,1,""),"") | EC25: =IF(_xlfn.RANK.EQ(CJ25,$CJ$25:$CJ$28,0)=1,1,"") -> 1 | EL25: =D25 -> 0 | EN25: =(CJ25+CJ26)/(O25) -> #VALUE! | EO25: =IF(AND(DP25=1,O25<O27),1,"")
B26: Team 1.1 | C26: =A26&B26 -> Team 1.1 | O26: =IF(SUM(F26:N26)=0,"",SUM(F26:N26)) | P26: =IF(COUNTA(F26:N26)=0,"",COUNTA(F26:N26)) | S26: =SUM(V26:AA26) -> 0 | T26: =SUM(AB25:AG25) -> 0 | AH26: =IFERROR(S26/(S26+T26),"") | AO26: =SUM(AI26:AN26) -> 0 | BA26: =SUM(AU26:AZ26) -> 0 | BH26: =SUM(BB26:BG26) -> 0 | BO26: =SUM(BI26:BN26) -> 0 | BV26: =SUM(BP26:BU26) -> 0 | CC26: =SUM(BW26:CB26) -> 0 | CE26: =(AU26*20)+(AV26*40)+(AW26*40)+(AX26*80)+(AY26*60)+(AZ26*60) -> 0 | CF26: =(BB26*50)+(BC26*100)+(BD26*100)+(BE26*200)+(BF26*150)+(BG26*150) -> 0 | CG26: =(BI26*100)+(BJ26*200)+(BK26*200)+(BL26*400)+(BM26*300)+(BN26*300) -> 0 | CH26: =(BP26*150)+(BQ26*300)+(BR26*300)+(BS26*600)+(BT26*450)+(BU26*450) -> 0 | CI26: =(BW26*200)+(BX26*400)+(BY26*400)+(BZ26*800)+(CA26*600)+(CB26*600) -> 0 | CJ26: =SUM(CE26:CI26) -> 0 | CK26: =AI26*257 -> 0 | CL26: =(AJ26*514)+(AK26*514) -> 0 | CM26: =(AM26*771)+(AN26*771) -> 0 | CN26: =AL26*1028 -> 0 | CO26: =SUM(CK26:CN26) -> 0 | DP26: =IFERROR(IF(_xlfn.RANK.EQ(AQ26,$AQ$25:$AQ$28,0)=1,1,""),"") | EC26: =IF(_xlfn.RANK.EQ(CJ26,$CJ$25:$CJ$28,0)=1,1,"") -> 1 | EL26: =D26 -> 0
B27: Team 2 | C27: =A27&B27 -> Team 2 | E27: =D27&D28 | O27: =IF(SUM(F27:N27)=0,"",SUM(F27:N27)) | P27: =IF(COUNTA(F27:N27)=0,"",COUNTA(F27:N27)) | S27: =SUM(V27:AA27) -> 0 | T27: =SUM(AB28:AG28) -> 0 | AH27: =IFERROR(S27/(S27+T27),"") | AO27: =SUM(AI27:AN27) -> 0 | BA27: =SUM(AU27:AZ27) -> 0 | BH27: =SUM(BB27:BG27) -> 0 | BO27: =SUM(BI27:BN27) -> 0 | BV27: =SUM(BP27:BU27) -> 0 | CC27: =SUM(BW27:CB27) -> 0 | CE27: =(AU27*20)+(AV27*40)+(AW27*40)+(AX27*80)+(AY27*60)+(AZ27*60) -> 0 | CF27: =(BB27*50)+(BC27*100)+(BD27*100)+(BE27*200)+(BF27*150)+(BG27*150) -> 0 | CG27: =(BI27*100)+(BJ27*200)+(BK27*200)+(BL27*400)+(BM27*300)+(BN27*300) -> 0 | CH27: =(BP27*150)+(BQ27*300)+(BR27*300)+(BS27*600)+(BT27*450)+(BU27*450) -> 0 | CI27: =(BW27*200)+(BX27*400)+(BY27*400)+(BZ27*800)+(CA27*600)+(CB27*600) -> 0 | CJ27: =SUM(CE27:CI27) -> 0 | CK27: =AI27*257 -> 0 | CL27: =(AJ27*514)+(AK27*514) -> 0 | CM27: =(AM27*771)+(AN27*771) -> 0 | CN27: =AL27*1028 -> 0 | CO27: =SUM(CK27:CN27) -> 0 | DP27: =IFERROR(IF(_xlfn.RANK.EQ(AQ27,$AQ$25:$AQ$28,0)=1,1,""),"") | EC27: =IF(_xlfn.RANK.EQ(CJ27,$CJ$25:$CJ$28,0)=1,1,"") -> 1 | EL27: =D27 -> 0 | EN27: =(CJ27+CJ28)/(O27) -> #VALUE! | EO27: =IF(AND(DP27=1,O27<O25),1,"")
B28: Team 2.1 | C28: =A28&B28 -> Team 2.1 | O28: =IF(SUM(F28:N28)=0,"",SUM(F28:N28)) | P28: =IF(COUNTA(F28:N28)=0,"",COUNTA(F28:N28)) | S28: =SUM(V28:AA28) -> 0 | T28: =SUM(AB27:AG27) -> 0 | AH28: =IFERROR(S28/(S28+T28),"") | AO28: =SUM(AI28:AN28) -> 0 | BA28: =SUM(AU28:AZ28) -> 0 | BH28: =SUM(BB28:BG28) -> 0 | BO28: =SUM(BI28:BN28) -> 0 | BV28: =SUM(BP28:BU28) -> 0 | CC28: =SUM(BW28:CB28) -> 0 | CE28: =(AU28*20)+(AV28*40)+(AW28*40)+(AX28*80)+(AY28*60)+(AZ28*60) -> 0 | CF28: =(BB28*50)+(BC28*100)+(BD28*100)+(BE28*200)+(BF28*150)+(BG28*150) -> 0 | CG28: =(BI28*100)+(BJ28*200)+(BK28*200)+(BL28*400)+(BM28*300)+(BN28*300) -> 0 | CH28: =(BP28*150)+(BQ28*300)+(BR28*300)+(BS28*600)+(BT28*450)+(BU28*450) -> 0 | CI28: =(BW28*200)+(BX28*400)+(BY28*400)+(BZ28*800)+(CA28*600)+(CB28*600) -> 0 | CJ28: =SUM(CE28:CI28) -> 0 | CK28: =AI28*257 -> 0 | CL28: =(AJ28*514)+(AK28*514) -> 0 | CM28: =(AM28*771)+(AN28*771) -> 0 | CN28: =AL28*1028 -> 0 | CO28: =SUM(CK28:CN28) -> 0 | DP28: =IFERROR(IF(_xlfn.RANK.EQ(AQ28,$AQ$25:$AQ$28,0)=1,1,""),"") | EC28: =IF(_xlfn.RANK.EQ(CJ28,$CJ$25:$CJ$28,0)=1,1,"") -> 1 | EL28: =D28 -> 0
B29: Team 1 | C29: =A29&B29 -> Team 1 | E29: =D29&D30 | O29: =IF(SUM(F29:N29)=0,"",SUM(F29:N29)) | P29: =IF(COUNTA(F29:N29)=0,"",COUNTA(F29:N29)) | S29: =SUM(V29:AA29) -> 0 | T29: =SUM(AB30:AG30) -> 0 | AH29: =IFERROR(S29/(S29+T29),"") | AO29: =SUM(AI29:AN29) -> 0 | BA29: =SUM(AU29:AZ29) -> 0 | BH29: =SUM(BB29:BG29) -> 0 | BO29: =SUM(BI29:BN29) -> 0 | BV29: =SUM(BP29:BU29) -> 0 | CC29: =SUM(BW29:CB29) -> 0 | CE29: =(AU29*20)+(AV29*40)+(AW29*40)+(AX29*80)+(AY29*60)+(AZ29*60) -> 0 | CF29: =(BB29*50)+(BC29*100)+(BD29*100)+(BE29*200)+(BF29*150)+(BG29*150) -> 0 | CG29: =(BI29*100)+(BJ29*200)+(BK29*200)+(BL29*400)+(BM29*300)+(BN29*300) -> 0 | CH29: =(BP29*150)+(BQ29*300)+(BR29*300)+(BS29*600)+(BT29*450)+(BU29*450) -> 0 | CI29: =(BW29*200)+(BX29*400)+(BY29*400)+(BZ29*800)+(CA29*600)+(CB29*600) -> 0 | CJ29: =SUM(CE29:CI29) -> 0 | CK29: =AI29*257 -> 0 | CL29: =(AJ29*514)+(AK29*514) -> 0 | CM29: =(AM29*771)+(AN29*771) -> 0 | CN29: =AL29*1028 -> 0 | CO29: =SUM(CK29:CN29) -> 0 | DP29: =IFERROR(IF(_xlfn.RANK.EQ(AQ29,$AQ$29:$AQ$32,0)=1,1,""),"") | EC29: =IF(_xlfn.RANK.EQ(CJ29,$CJ$29:$CJ$32,0)=1,1,"") -> 1 | EL29: =D29 -> 0 | EN29: =(CJ29+CJ30)/(O29) -> #VALUE! | EO29: =IF(AND(DP29=1,O29<O31),1,"")
B30: Team 1.1 | C30: =A30&B30 -> Team 1.1 | O30: =IF(SUM(F30:N30)=0,"",SUM(F30:N30)) | P30: =IF(COUNTA(F30:N30)=0,"",COUNTA(F30:N30)) | S30: =SUM(V30:AA30) -> 0 | T30: =SUM(AB29:AG29) -> 0 | AH30: =IFERROR(S30/(S30+T30),"") | AO30: =SUM(AI30:AN30) -> 0 | BA30: =SUM(AU30:AZ30) -> 0 | BH30: =SUM(BB30:BG30) -> 0 | BO30: =SUM(BI30:BN30) -> 0 | BV30: =SUM(BP30:BU30) -> 0 | CC30: =SUM(BW30:CB30) -> 0 | CE30: =(AU30*20)+(AV30*40)+(AW30*40)+(AX30*80)+(AY30*60)+(AZ30*60) -> 0 | CF30: =(BB30*50)+(BC30*100)+(BD30*100)+(BE30*200)+(BF30*150)+(BG30*150) -> 0 | CG30: =(BI30*100)+(BJ30*200)+(BK30*200)+(BL30*400)+(BM30*300)+(BN30*300) -> 0 | CH30: =(BP30*150)+(BQ30*300)+(BR30*300)+(BS30*600)+(BT30*450)+(BU30*450) -> 0 | CI30: =(BW30*200)+(BX30*400)+(BY30*400)+(BZ30*800)+(CA30*600)+(CB30*600) -> 0 | CJ30: =SUM(CE30:CI30) -> 0 | CK30: =AI30*257 -> 0 | CL30: =(AJ30*514)+(AK30*514) -> 0 | CM30: =(AM30*771)+(AN30*771) -> 0 | CN30: =AL30*1028 -> 0 | CO30: =SUM(CK30:CN30) -> 0 | DP30: =IFERROR(IF(_xlfn.RANK.EQ(AQ30,$AQ$29:$AQ$32,0)=1,1,""),"") | EC30: =IF(_xlfn.RANK.EQ(CJ30,$CJ$29:$CJ$32,0)=1,1,"") -> 1 | EL30: =D30 -> 0
B31: Team 2 | C31: =A31&B31 -> Team 2 | E31: =D31&D32 | O31: =IF(SUM(F31:N31)=0,"",SUM(F31:N31)) | P31: =IF(COUNTA(F31:N31)=0,"",COUNTA(F31:N31)) | S31: =SUM(V31:AA31) -> 0 | T31: =SUM(AB32:AG32) -> 0 | AH31: =IFERROR(S31/(S31+T31),"") | AO31: =SUM(AI31:AN31) -> 0 | BA31: =SUM(AU31:AZ31) -> 0 | BH31: =SUM(BB31:BG31) -> 0 | BO31: =SUM(BI31:BN31) -> 0 | BV31: =SUM(BP31:BU31) -> 0 | CC31: =SUM(BW31:CB31) -> 0 | CE31: =(AU31*20)+(AV31*40)+(AW31*40)+(AX31*80)+(AY31*60)+(AZ31*60) -> 0 | CF31: =(BB31*50)+(BC31*100)+(BD31*100)+(BE31*200)+(BF31*150)+(BG31*150) -> 0 | CG31: =(BI31*100)+(BJ31*200)+(BK31*200)+(BL31*400)+(BM31*300)+(BN31*300) -> 0 | CH31: =(BP31*150)+(BQ31*300)+(BR31*300)+(BS31*600)+(BT31*450)+(BU31*450) -> 0 | CI31: =(BW31*200)+(BX31*400)+(BY31*400)+(BZ31*800)+(CA31*600)+(CB31*600) -> 0 | CJ31: =SUM(CE31:CI31) -> 0 | CK31: =AI31*257 -> 0 | CL31: =(AJ31*514)+(AK31*514) -> 0 | CM31: =(AM31*771)+(AN31*771) -> 0 | CN31: =AL31*1028 -> 0 | CO31: =SUM(CK31:CN31) -> 0 | DP31: =IFERROR(IF(_xlfn.RANK.EQ(AQ31,$AQ$29:$AQ$32,0)=1,1,""),"") | EC31: =IF(_xlfn.RANK.EQ(CJ31,$CJ$29:$CJ$32,0)=1,1,"") -> 1 | EL31: =D31 -> 0 | EN31: =(CJ31+CJ32)/(O31) -> #VALUE! | EO31: =IF(AND(DP31=1,O31<O29),1,"")
B32: Team 2.1 | C32: =A32&B32 -> Team 2.1 | O32: =IF(SUM(F32:N32)=0,"",SUM(F32:N32)) | P32: =IF(COUNTA(F32:N32)=0,"",COUNTA(F32:N32)) | S32: =SUM(V32:AA32) -> 0 | T32: =SUM(AB31:AG31) -> 0 | AH32: =IFERROR(S32/(S32+T32),"") | AO32: =SUM(AI32:AN32) -> 0 | BA32: =SUM(AU32:AZ32) -> 0 | BH32: =SUM(BB32:BG32) -> 0 | BO32: =SUM(BI32:BN32) -> 0 | BV32: =SUM(BP32:BU32) -> 0 | CC32: =SUM(BW32:CB32) -> 0 | CE32: =(AU32*20)+(AV32*40)+(AW32*40)+(AX32*80)+(AY32*60)+(AZ32*60) -> 0 | CF32: =(BB32*50)+(BC32*100)+(BD32*100)+(BE32*200)+(BF32*150)+(BG32*150) -> 0 | CG32: =(BI32*100)+(BJ32*200)+(BK32*200)+(BL32*400)+(BM32*300)+(BN32*300) -> 0 | CH32: =(BP32*150)+(BQ32*300)+(BR32*300)+(BS32*600)+(BT32*450)+(BU32*450) -> 0 | CI32: =(BW32*200)+(BX32*400)+(BY32*400)+(BZ32*800)+(CA32*600)+(CB32*600) -> 0 | CJ32: =SUM(CE32:CI32) -> 0 | CK32: =AI32*257 -> 0 | CL32: =(AJ32*514)+(AK32*514) -> 0 | CM32: =(AM32*771)+(AN32*771) -> 0 | CN32: =AL32*1028 -> 0 | CO32: =SUM(CK32:CN32) -> 0 | DP32: =IFERROR(IF(_xlfn.RANK.EQ(AQ32,$AQ$29:$AQ$32,0)=1,1,""),"") | EC32: =IF(_xlfn.RANK.EQ(CJ32,$CJ$29:$CJ$32,0)=1,1,"") -> 1 | EL32: =D32 -> 0
B33: Team 1 | C33: =A33&B33 -> Team 1 | E33: =D33&D34 | O33: =IF(SUM(F33:N33)=0,"",SUM(F33:N33)) | P33: =IF(COUNTA(F33:N33)=0,"",COUNTA(F33:N33)) | S33: =SUM(V33:AA33) -> 0 | T33: =SUM(AB34:AG34) -> 0 | AH33: =IFERROR(S33/(S33+T33),"") | AO33: =SUM(AI33:AN33) -> 0 | BA33: =SUM(AU33:AZ33) -> 0 | BH33: =SUM(BB33:BG33) -> 0 | BO33: =SUM(BI33:BN33) -> 0 | BV33: =SUM(BP33:BU33) -> 0 | CC33: =SUM(BW33:CB33) -> 0 | CE33: =(AU33*20)+(AV33*40)+(AW33*40)+(AX33*80)+(AY33*60)+(AZ33*60) -> 0 | CF33: =(BB33*50)+(BC33*100)+(BD33*100)+(BE33*200)+(BF33*150)+(BG33*150) -> 0 | CG33: =(BI33*100)+(BJ33*200)+(BK33*200)+(BL33*400)+(BM33*300)+(BN33*300) -> 0 | CH33: =(BP33*150)+(BQ33*300)+(BR33*300)+(BS33*600)+(BT33*450)+(BU33*450) -> 0 | CI33: =(BW33*200)+(BX33*400)+(BY33*400)+(BZ33*800)+(CA33*600)+(CB33*600) -> 0 | CJ33: =SUM(CE33:CI33) -> 0 | CK33: =AI33*257 -> 0 | CL33: =(AJ33*514)+(AK33*514) -> 0 | CM33: =(AM33*771)+(AN33*771) -> 0 | CN33: =AL33*1028 -> 0 | CO33: =SUM(CK33:CN33) -> 0 | DP33: =IFERROR(IF(_xlfn.RANK.EQ(AQ33,$AQ$33:$AQ$36,0)=1,1,""),"") | EC33: =IF(_xlfn.RANK.EQ(CJ33,$CJ$33:$CJ$36,0)=1,1,"") -> 1 | EL33: =D33 -> 0 | EN33: =(CJ33+CJ34)/(O33) -> #VALUE! | EO33: =IF(AND(DP33=1,O33<O35),1,"")
B34: Team 1.1 | C34: =A34&B34 -> Team 1.1 | O34: =IF(SUM(F34:N34)=0,"",SUM(F34:N34)) | P34: =IF(COUNTA(F34:N34)=0,"",COUNTA(F34:N34)) | S34: =SUM(V34:AA34) -> 0 | T34: =SUM(AB33:AG33) -> 0 | AH34: =IFERROR(S34/(S34+T34),"") | AO34: =SUM(AI34:AN34) -> 0 | BA34: =SUM(AU34:AZ34) -> 0 | BH34: =SUM(BB34:BG34) -> 0 | BO34: =SUM(BI34:BN34) -> 0 | BV34: =SUM(BP34:BU34) -> 0 | CC34: =SUM(BW34:CB34) -> 0 | CE34: =(AU34*20)+(AV34*40)+(AW34*40)+(AX34*80)+(AY34*60)+(AZ34*60) -> 0 | CF34: =(BB34*50)+(BC34*100)+(BD34*100)+(BE34*200)+(BF34*150)+(BG34*150) -> 0 | CG34: =(BI34*100)+(BJ34*200)+(BK34*200)+(BL34*400)+(BM34*300)+(BN34*300) -> 0 | CH34: =(BP34*150)+(BQ34*300)+(BR34*300)+(BS34*600)+(BT34*450)+(BU34*450) -> 0 | CI34: =(BW34*200)+(BX34*400)+(BY34*400)+(BZ34*800)+(CA34*600)+(CB34*600) -> 0 | CJ34: =SUM(CE34:CI34) -> 0 | CK34: =AI34*257 -> 0 | CL34: =(AJ34*514)+(AK34*514) -> 0 | CM34: =(AM34*771)+(AN34*771) -> 0 | CN34: =AL34*1028 -> 0 | CO34: =SUM(CK34:CN34) -> 0 | DP34: =IFERROR(IF(_xlfn.RANK.EQ(AQ34,$AQ$33:$AQ$36,0)=1,1,""),"") | EC34: =IF(_xlfn.RANK.EQ(CJ34,$CJ$33:$CJ$36,0)=1,1,"") -> 1 | EL34: =D34 -> 0
B35: Team 2 | C35: =A35&B35 -> Team 2 | E35: =D35&D36 | O35: =IF(SUM(F35:N35)=0,"",SUM(F35:N35)) | P35: =IF(COUNTA(F35:N35)=0,"",COUNTA(F35:N35)) | S35: =SUM(V35:AA35) -> 0 | T35: =SUM(AB36:AG36) -> 0 | AH35: =IFERROR(S35/(S35+T35),"") | AO35: =SUM(AI35:AN35) -> 0 | BA35: =SUM(AU35:AZ35) -> 0 | BH35: =SUM(BB35:BG35) -> 0 | BO35: =SUM(BI35:BN35) -> 0 | BV35: =SUM(BP35:BU35) -> 0 | CC35: =SUM(BW35:CB35) -> 0 | CE35: =(AU35*20)+(AV35*40)+(AW35*40)+(AX35*80)+(AY35*60)+(AZ35*60) -> 0 | CF35: =(BB35*50)+(BC35*100)+(BD35*100)+(BE35*200)+(BF35*150)+(BG35*150) -> 0 | CG35: =(BI35*100)+(BJ35*200)+(BK35*200)+(BL35*400)+(BM35*300)+(BN35*300) -> 0 | CH35: =(BP35*150)+(BQ35*300)+(BR35*300)+(BS35*600)+(BT35*450)+(BU35*450) -> 0 | CI35: =(BW35*200)+(BX35*400)+(BY35*400)+(BZ35*800)+(CA35*600)+(CB35*600) -> 0 | CJ35: =SUM(CE35:CI35) -> 0 | CK35: =AI35*257 -> 0 | CL35: =(AJ35*514)+(AK35*514) -> 0 | CM35: =(AM35*771)+(AN35*771) -> 0 | CN35: =AL35*1028 -> 0 | CO35: =SUM(CK35:CN35) -> 0 | DP35: =IFERROR(IF(_xlfn.RANK.EQ(AQ35,$AQ$33:$AQ$36,0)=1,1,""),"") | EC35: =IF(_xlfn.RANK.EQ(CJ35,$CJ$33:$CJ$36,0)=1,1,"") -> 1 | EL35: =D35 -> 0 | EN35: =(CJ35+CJ36)/(O35) -> #VALUE! | EO35: =IF(AND(DP35=1,O35<O33),1,"")
B36: Team 2.1 | C36: =A36&B36 -> Team 2.1 | O36: =IF(SUM(F36:N36)=0,"",SUM(F36:N36)) | P36: =IF(COUNTA(F36:N36)=0,"",COUNTA(F36:N36)) | S36: =SUM(V36:AA36) -> 0 | T36: =SUM(AB35:AG35) -> 0 | AH36: =IFERROR(S36/(S36+T36),"") | AO36: =SUM(AI36:AN36) -> 0 | BA36: =SUM(AU36:AZ36) -> 0 | BH36: =SUM(BB36:BG36) -> 0 | BO36: =SUM(BI36:BN36) -> 0 | BV36: =SUM(BP36:BU36) -> 0 | CC36: =SUM(BW36:CB36) -> 0 | CE36: =(AU36*20)+(AV36*40)+(AW36*40)+(AX36*80)+(AY36*60)+(AZ36*60) -> 0 | CF36: =(BB36*50)+(BC36*100)+(BD36*100)+(BE36*200)+(BF36*150)+(BG36*150) -> 0 | CG36: =(BI36*100)+(BJ36*200)+(BK36*200)+(BL36*400)+(BM36*300)+(BN36*300) -> 0 | CH36: =(BP36*150)+(BQ36*300)+(BR36*300)+(BS36*600)+(BT36*450)+(BU36*450) -> 0 | CI36: =(BW36*200)+(BX36*400)+(BY36*400)+(BZ36*800)+(CA36*600)+(CB36*600) -> 0 | CJ36: =SUM(CE36:CI36) -> 0 | CK36: =AI36*257 -> 0 | CL36: =(AJ36*514)+(AK36*514) -> 0 | CM36: =(AM36*771)+(AN36*771) -> 0 | CN36: =AL36*1028 -> 0 | CO36: =SUM(CK36:CN36) -> 0 | DP36: =IFERROR(IF(_xlfn.RANK.EQ(AQ36,$AQ$33:$AQ$36,0)=1,1,""),"") | EC36: =IF(_xlfn.RANK.EQ(CJ36,$CJ$33:$CJ$36,0)=1,1,"") -> 1 | EL36: =D36 -> 0
B37: Team 1 | C37: =A37&B37 -> Team 1 | E37: =D37&D38 | O37: =IF(SUM(F37:N37)=0,"",SUM(F37:N37)) | P37: =IF(COUNTA(F37:N37)=0,"",COUNTA(F37:N37)) | S37: =SUM(V37:AA37) -> 0 | T37: =SUM(AB38:AG38) -> 0 | AH37: =IFERROR(S37/(S37+T37),"") | AO37: =SUM(AI37:AN37) -> 0 | BA37: =SUM(AU37:AZ37) -> 0 | BH37: =SUM(BB37:BG37) -> 0 | BO37: =SUM(BI37:BN37) -> 0 | BV37: =SUM(BP37:BU37) -> 0 | CC37: =SUM(BW37:CB37) -> 0 | CE37: =(AU37*20)+(AV37*40)+(AW37*40)+(AX37*80)+(AY37*60)+(AZ37*60) -> 0 | CF37: =(BB37*50)+(BC37*100)+(BD37*100)+(BE37*200)+(BF37*150)+(BG37*150) -> 0 | CG37: =(BI37*100)+(BJ37*200)+(BK37*200)+(BL37*400)+(BM37*300)+(BN37*300) -> 0 | CH37: =(BP37*150)+(BQ37*300)+(BR37*300)+(BS37*600)+(BT37*450)+(BU37*450) -> 0 | CI37: =(BW37*200)+(BX37*400)+(BY37*400)+(BZ37*800)+(CA37*600)+(CB37*600) -> 0 | CJ37: =SUM(CE37:CI37) -> 0 | CK37: =AI37*257 -> 0 | CL37: =(AJ37*514)+(AK37*514) -> 0 | CM37: =(AM37*771)+(AN37*771) -> 0 | CN37: =AL37*1028 -> 0 | CO37: =SUM(CK37:CN37) -> 0 | DP37: =IFERROR(IF(_xlfn.RANK.EQ(AQ37,$AQ$37:$AQ$40,0)=1,1,""),"") | EC37: =IF(_xlfn.RANK.EQ(CJ37,$CJ$37:$CJ$40,0)=1,1,"") -> 1 | EL37: =D37 -> 0 | EN37: =(CJ37+CJ38)/(O37) -> #VALUE! | EO37: =IF(AND(DP37=1,O37<O39),1,"")
B38: Team 1.1 | C38: =A38&B38 -> Team 1.1 | O38: =IF(SUM(F38:N38)=0,"",SUM(F38:N38)) | P38: =IF(COUNTA(F38:N38)=0,"",COUNTA(F38:N38)) | S38: =SUM(V38:AA38) -> 0 | T38: =SUM(AB37:AG37) -> 0 | AH38: =IFERROR(S38/(S38+T38),"") | AO38: =SUM(AI38:AN38) -> 0 | BA38: =SUM(AU38:AZ38) -> 0 | BH38: =SUM(BB38:BG38) -> 0 | BO38: =SUM(BI38:BN38) -> 0 | BV38: =SUM(BP38:BU38) -> 0 | CC38: =SUM(BW38:CB38) -> 0 | CE38: =(AU38*20)+(AV38*40)+(AW38*40)+(AX38*80)+(AY38*60)+(AZ38*60) -> 0 | CF38: =(BB38*50)+(BC38*100)+(BD38*100)+(BE38*200)+(BF38*150)+(BG38*150) -> 0 | CG38: =(BI38*100)+(BJ38*200)+(BK38*200)+(BL38*400)+(BM38*300)+(BN38*300) -> 0 | CH38: =(BP38*150)+(BQ38*300)+(BR38*300)+(BS38*600)+(BT38*450)+(BU38*450) -> 0 | CI38: =(BW38*200)+(BX38*400)+(BY38*400)+(BZ38*800)+(CA38*600)+(CB38*600) -> 0 | CJ38: =SUM(CE38:CI38) -> 0 | CK38: =AI38*257 -> 0 | CL38: =(AJ38*514)+(AK38*514) -> 0 | CM38: =(AM38*771)+(AN38*771) -> 0 | CN38: =AL38*1028 -> 0 | CO38: =SUM(CK38:CN38) -> 0 | DP38: =IFERROR(IF(_xlfn.RANK.EQ(AQ38,$AQ$37:$AQ$40,0)=1,1,""),"") | EC38: =IF(_xlfn.RANK.EQ(CJ38,$CJ$37:$CJ$40,0)=1,1,"") -> 1 | EL38: =D38 -> 0
B39: Team 2 | C39: =A39&B39 -> Team 2 | E39: =D39&D40 | O39: =IF(SUM(F39:N39)=0,"",SUM(F39:N39)) | P39: =IF(COUNTA(F39:N39)=0,"",COUNTA(F39:N39)) | S39: =SUM(V39:AA39) -> 0 | T39: =SUM(AB40:AG40) -> 0 | AH39: =IFERROR(S39/(S39+T39),"") | AO39: =SUM(AI39:AN39) -> 0 | BA39: =SUM(AU39:AZ39) -> 0 | BH39: =SUM(BB39:BG39) -> 0 | BO39: =SUM(BI39:BN39) -> 0 | BV39: =SUM(BP39:BU39) -> 0 | CC39: =SUM(BW39:CB39) -> 0 | CE39: =(AU39*20)+(AV39*40)+(AW39*40)+(AX39*80)+(AY39*60)+(AZ39*60) -> 0 | CF39: =(BB39*50)+(BC39*100)+(BD39*100)+(BE39*200)+(BF39*150)+(BG39*150) -> 0 | CG39: =(BI39*100)+(BJ39*200)+(BK39*200)+(BL39*400)+(BM39*300)+(BN39*300) -> 0 | CH39: =(BP39*150)+(BQ39*300)+(BR39*300)+(BS39*600)+(BT39*450)+(BU39*450) -> 0 | CI39: =(BW39*200)+(BX39*400)+(BY39*400)+(BZ39*800)+(CA39*600)+(CB39*600) -> 0 | CJ39: =SUM(CE39:CI39) -> 0 | CK39: =AI39*257 -> 0 | CL39: =(AJ39*514)+(AK39*514) -> 0 | CM39: =(AM39*771)+(AN39*771) -> 0 | CN39: =AL39*1028 -> 0 | CO39: =SUM(CK39:CN39) -> 0 | DP39: =IFERROR(IF(_xlfn.RANK.EQ(AQ39,$AQ$37:$AQ$40,0)=1,1,""),"") | EC39: =IF(_xlfn.RANK.EQ(CJ39,$CJ$37:$CJ$40,0)=1,1,"") -> 1 | EL39: =D39 -> 0 | EN39: =(CJ39+CJ40)/(O39) -> #VALUE! | EO39: =IF(AND(DP39=1,O39<O37),1,"")
B40: Team 2.1 | C40: =A40&B40 -> Team 2.1 | O40: =IF(SUM(F40:N40)=0,"",SUM(F40:N40)) | P40: =IF(COUNTA(F40:N40)=0,"",COUNTA(F40:N40)) | S40: =SUM(V40:AA40) -> 0 | T40: =SUM(AB39:AG39) -> 0 | AH40: =IFERROR(S40/(S40+T40),"") | AO40: =SUM(AI40:AN40) -> 0 | BA40: =SUM(AU40:AZ40) -> 0 | BH40: =SUM(BB40:BG40) -> 0 | BO40: =SUM(BI40:BN40) -> 0 | BV40: =SUM(BP40:BU40) -> 0 | CC40: =SUM(BW40:CB40) -> 0 | CE40: =(AU40*20)+(AV40*40)+(AW40*40)+(AX40*80)+(AY40*60)+(AZ40*60) -> 0 | CF40: =(BB40*50)+(BC40*100)+(BD40*100)+(BE40*200)+(BF40*150)+(BG40*150) -> 0 | CG40: =(BI40*100)+(BJ40*200)+(BK40*200)+(BL40*400)+(BM40*300)+(BN40*300) -> 0 | CH40: =(BP40*150)+(BQ40*300)+(BR40*300)+(BS40*600)+(BT40*450)+(BU40*450) -> 0 | CI40: =(BW40*200)+(BX40*400)+(BY40*400)+(BZ40*800)+(CA40*600)+(CB40*600) -> 0 | CJ40: =SUM(CE40:CI40) -> 0 | CK40: =AI40*257 -> 0 | CL40: =(AJ40*514)+(AK40*514) -> 0 | CM40: =(AM40*771)+(AN40*771) -> 0 | CN40: =AL40*1028 -> 0 | CO40: =SUM(CK40:CN40) -> 0 | DP40: =IFERROR(IF(_xlfn.RANK.EQ(AQ40,$AQ$37:$AQ$40,0)=1,1,""),"") | EC40: =IF(_xlfn.RANK.EQ(CJ40,$CJ$37:$CJ$40,0)=1,1,"") -> 1 | EL40: =D40 -> 0
B41: Team 1 | C41: =A41&B41 -> Team 1 | E41: =D41&D42 | O41: =IF(SUM(F41:N41)=0,"",SUM(F41:N41)) | P41: =IF(COUNTA(F41:N41)=0,"",COUNTA(F41:N41)) | S41: =SUM(V41:AA41) -> 0 | T41: =SUM(AB42:AG42) -> 0 | AH41: =IFERROR(S41/(S41+T41),"") | AO41: =SUM(AI41:AN41) -> 0 | BA41: =SUM(AU41:AZ41) -> 0 | BH41: =SUM(BB41:BG41) -> 0 | BO41: =SUM(BI41:BN41) -> 0 | BV41: =SUM(BP41:BU41) -> 0 | CC41: =SUM(BW41:CB41) -> 0 | CE41: =(AU41*20)+(AV41*40)+(AW41*40)+(AX41*80)+(AY41*60)+(AZ41*60) -> 0 | CF41: =(BB41*50)+(BC41*100)+(BD41*100)+(BE41*200)+(BF41*150)+(BG41*150) -> 0 | CG41: =(BI41*100)+(BJ41*200)+(BK41*200)+(BL41*400)+(BM41*300)+(BN41*300) -> 0 | CH41: =(BP41*150)+(BQ41*300)+(BR41*300)+(BS41*600)+(BT41*450)+(BU41*450) -> 0 | CI41: =(BW41*200)+(BX41*400)+(BY41*400)+(BZ41*800)+(CA41*600)+(CB41*600) -> 0 | CJ41: =SUM(CE41:CI41) -> 0 | CK41: =AI41*257 -> 0 | CL41: =(AJ41*514)+(AK41*514) -> 0 | CM41: =(AM41*771)+(AN41*771) -> 0 | CN41: =AL41*1028 -> 0 | CO41: =SUM(CK41:CN41) -> 0 | DP41: =IFERROR(IF(_xlfn.RANK.EQ(AQ41,$AQ$41:$AQ$44,0)=1,1,""),"") | EC41: =IF(_xlfn.RANK.EQ(CJ41,$CJ$41:$CJ$44,0)=1,1,"") -> 1 | EL41: =D41 -> 0 | EN41: =(CJ41+CJ42)/(O41) -> #VALUE! | EO41: =IF(AND(DP41=1,O41<O43),1,"")
B42: Team 1.1 | C42: =A42&B42 -> Team 1.1 | O42: =IF(SUM(F42:N42)=0,"",SUM(F42:N42)) | P42: =IF(COUNTA(F42:N42)=0,"",COUNTA(F42:N42)) | S42: =SUM(V42:AA42) -> 0 | T42: =SUM(AB41:AG41) -> 0 | AH42: =IFERROR(S42/(S42+T42),"") | AO42: =SUM(AI42:AN42) -> 0 | BA42: =SUM(AU42:AZ42) -> 0 | BH42: =SUM(BB42:BG42) -> 0 | BO42: =SUM(BI42:BN42) -> 0 | BV42: =SUM(BP42:BU42) -> 0 | CC42: =SUM(BW42:CB42) -> 0 | CE42: =(AU42*20)+(AV42*40)+(AW42*40)+(AX42*80)+(AY42*60)+(AZ42*60) -> 0 | CF42: =(BB42*50)+(BC42*100)+(BD42*100)+(BE42*200)+(BF42*150)+(BG42*150) -> 0 | CG42: =(BI42*100)+(BJ42*200)+(BK42*200)+(BL42*400)+(BM42*300)+(BN42*300) -> 0 | CH42: =(BP42*150)+(BQ42*300)+(BR42*300)+(BS42*600)+(BT42*450)+(BU42*450) -> 0 | CI42: =(BW42*200)+(BX42*400)+(BY42*400)+(BZ42*800)+(CA42*600)+(CB42*600) -> 0 | CJ42: =SUM(CE42:CI42) -> 0 | CK42: =AI42*257 -> 0 | CL42: =(AJ42*514)+(AK42*514) -> 0 | CM42: =(AM42*771)+(AN42*771) -> 0 | CN42: =AL42*1028 -> 0 | CO42: =SUM(CK42:CN42) -> 0 | DP42: =IFERROR(IF(_xlfn.RANK.EQ(AQ42,$AQ$41:$AQ$44,0)=1,1,""),"") | EC42: =IF(_xlfn.RANK.EQ(CJ42,$CJ$41:$CJ$44,0)=1,1,"") -> 1 | EL42: =D42 -> 0
B43: Team 2 | C43: =A43&B43 -> Team 2 | E43: =D43&D44 | O43: =IF(SUM(F43:N43)=0,"",SUM(F43:N43)) | P43: =IF(COUNTA(F43:N43)=0,"",COUNTA(F43:N43)) | S43: =SUM(V43:AA43) -> 0 | T43: =SUM(AB44:AG44) -> 0 | AH43: =IFERROR(S43/(S43+T43),"") | AO43: =SUM(AI43:AN43) -> 0 | BA43: =SUM(AU43:AZ43) -> 0 | BH43: =SUM(BB43:BG43) -> 0 | BO43: =SUM(BI43:BN43) -> 0 | BV43: =SUM(BP43:BU43) -> 0 | CC43: =SUM(BW43:CB43) -> 0 | CE43: =(AU43*20)+(AV43*40)+(AW43*40)+(AX43*80)+(AY43*60)+(AZ43*60) -> 0 | CF43: =(BB43*50)+(BC43*100)+(BD43*100)+(BE43*200)+(BF43*150)+(BG43*150) -> 0 | CG43: =(BI43*100)+(BJ43*200)+(BK43*200)+(BL43*400)+(BM43*300)+(BN43*300) -> 0 | CH43: =(BP43*150)+(BQ43*300)+(BR43*300)+(BS43*600)+(BT43*450)+(BU43*450) -> 0 | CI43: =(BW43*200)+(BX43*400)+(BY43*400)+(BZ43*800)+(CA43*600)+(CB43*600) -> 0 | CJ43: =SUM(CE43:CI43) -> 0 | CK43: =AI43*257 -> 0 | CL43: =(AJ43*514)+(AK43*514) -> 0 | CM43: =(AM43*771)+(AN43*771) -> 0 | CN43: =AL43*1028 -> 0 | CO43: =SUM(CK43:CN43) -> 0 | DP43: =IFERROR(IF(_xlfn.RANK.EQ(AQ43,$AQ$41:$AQ$44,0)=1,1,""),"") | EC43: =IF(_xlfn.RANK.EQ(CJ43,$CJ$41:$CJ$44,0)=1,1,"") -> 1 | EL43: =D43 -> 0 | EN43: =(CJ43+CJ44)/(O43) -> #VALUE! | EO43: =IF(AND(DP43=1,O43<O41),1,"")
B44: Team 2.1 | C44: =A44&B44 -> Team 2.1 | O44: =IF(SUM(F44:N44)=0,"",SUM(F44:N44)) | P44: =IF(COUNTA(F44:N44)=0,"",COUNTA(F44:N44)) | S44: =SUM(V44:AA44) -> 0 | T44: =SUM(AB43:AG43) -> 0 | AH44: =IFERROR(S44/(S44+T44),"") | AO44: =SUM(AI44:AN44) -> 0 | BA44: =SUM(AU44:AZ44) -> 0 | BH44: =SUM(BB44:BG44) -> 0 | BO44: =SUM(BI44:BN44) -> 0 | BV44: =SUM(BP44:BU44) -> 0 | CC44: =SUM(BW44:CB44) -> 0 | CE44: =(AU44*20)+(AV44*40)+(AW44*40)+(AX44*80)+(AY44*60)+(AZ44*60) -> 0 | CF44: =(BB44*50)+(BC44*100)+(BD44*100)+(BE44*200)+(BF44*150)+(BG44*150) -> 0 | CG44: =(BI44*100)+(BJ44*200)+(BK44*200)+(BL44*400)+(BM44*300)+(BN44*300) -> 0 | CH44: =(BP44*150)+(BQ44*300)+(BR44*300)+(BS44*600)+(BT44*450)+(BU44*450) -> 0 | CI44: =(BW44*200)+(BX44*400)+(BY44*400)+(BZ44*800)+(CA44*600)+(CB44*600) -> 0 | CJ44: =SUM(CE44:CI44) -> 0 | CK44: =AI44*257 -> 0 | CL44: =(AJ44*514)+(AK44*514) -> 0 | CM44: =(AM44*771)+(AN44*771) -> 0 | CN44: =AL44*1028 -> 0 | CO44: =SUM(CK44:CN44) -> 0 | DP44: =IFERROR(IF(_xlfn.RANK.EQ(AQ44,$AQ$41:$AQ$44,0)=1,1,""),"") | EC44: =IF(_xlfn.RANK.EQ(CJ44,$CJ$41:$CJ$44,0)=1,1,"") -> 1 | EL44: =D44 -> 0
B45: Team 1 | C45: =A45&B45 -> Team 1 | E45: =D45&D46 | O45: =IF(SUM(F45:N45)=0,"",SUM(F45:N45)) | P45: =IF(COUNTA(F45:N45)=0,"",COUNTA(F45:N45)) | S45: =SUM(V45:AA45) -> 0 | T45: =SUM(AB46:AG46) -> 0 | AH45: =IFERROR(S45/(S45+T45),"") | AO45: =SUM(AI45:AN45) -> 0 | BA45: =SUM(AU45:AZ45) -> 0 | BH45: =SUM(BB45:BG45) -> 0 | BO45: =SUM(BI45:BN45) -> 0 | BV45: =SUM(BP45:BU45) -> 0 | CC45: =SUM(BW45:CB45) -> 0 | CE45: =(AU45*20)+(AV45*40)+(AW45*40)+(AX45*80)+(AY45*60)+(AZ45*60) -> 0 | CF45: =(BB45*50)+(BC45*100)+(BD45*100)+(BE45*200)+(BF45*150)+(BG45*150) -> 0 | CG45: =(BI45*100)+(BJ45*200)+(BK45*200)+(BL45*400)+(BM45*300)+(BN45*300) -> 0 | CH45: =(BP45*150)+(BQ45*300)+(BR45*300)+(BS45*600)+(BT45*450)+(BU45*450) -> 0 | CI45: =(BW45*200)+(BX45*400)+(BY45*400)+(BZ45*800)+(CA45*600)+(CB45*600) -> 0 | CJ45: =SUM(CE45:CI45) -> 0 | CK45: =AI45*257 -> 0 | CL45: =(AJ45*514)+(AK45*514) -> 0 | CM45: =(AM45*771)+(AN45*771) -> 0 | CN45: =AL45*1028 -> 0 | CO45: =SUM(CK45:CN45) -> 0 | DP45: =IFERROR(IF(_xlfn.RANK.EQ(AQ45,$AQ$45:$AQ$48,0)=1,1,""),"") | EC45: =IF(_xlfn.RANK.EQ(CJ45,$CJ$45:$CJ$48,0)=1,1,"") -> 1 | EL45: =D45 -> 0 | EN45: =(CJ45+CJ46)/(O45) -> #VALUE! | EO45: =IF(AND(DP45=1,O45<O47),1,"")
B46: Team 1.1 | C46: =A46&B46 -> Team 1.1 | O46: =IF(SUM(F46:N46)=0,"",SUM(F46:N46)) | P46: =IF(COUNTA(F46:N46)=0,"",COUNTA(F46:N46)) | S46: =SUM(V46:AA46) -> 0 | T46: =SUM(AB45:AG45) -> 0 | AH46: =IFERROR(S46/(S46+T46),"") | AO46: =SUM(AI46:AN46) -> 0 | BA46: =SUM(AU46:AZ46) -> 0 | BH46: =SUM(BB46:BG46) -> 0 | BO46: =SUM(BI46:BN46) -> 0 | BV46: =SUM(BP46:BU46) -> 0 | CC46: =SUM(BW46:CB46) -> 0 | CE46: =(AU46*20)+(AV46*40)+(AW46*40)+(AX46*80)+(AY46*60)+(AZ46*60) -> 0 | CF46: =(BB46*50)+(BC46*100)+(BD46*100)+(BE46*200)+(BF46*150)+(BG46*150) -> 0 | CG46: =(BI46*100)+(BJ46*200)+(BK46*200)+(BL46*400)+(BM46*300)+(BN46*300) -> 0 | CH46: =(BP46*150)+(BQ46*300)+(BR46*300)+(BS46*600)+(BT46*450)+(BU46*450) -> 0 | CI46: =(BW46*200)+(BX46*400)+(BY46*400)+(BZ46*800)+(CA46*600)+(CB46*600) -> 0 | CJ46: =SUM(CE46:CI46) -> 0 | CK46: =AI46*257 -> 0 | CL46: =(AJ46*514)+(AK46*514) -> 0 | CM46: =(AM46*771)+(AN46*771) -> 0 | CN46: =AL46*1028 -> 0 | CO46: =SUM(CK46:CN46) -> 0 | DP46: =IFERROR(IF(_xlfn.RANK.EQ(AQ46,$AQ$45:$AQ$48,0)=1,1,""),"") | EC46: =IF(_xlfn.RANK.EQ(CJ46,$CJ$45:$CJ$48,0)=1,1,"") -> 1 | EL46: =D46 -> 0
B47: Team 2 | C47: =A47&B47 -> Team 2 | E47: =D47&D48 | O47: =IF(SUM(F47:N47)=0,"",SUM(F47:N47)) | P47: =IF(COUNTA(F47:N47)=0,"",COUNTA(F47:N47)) | S47: =SUM(V47:AA47) -> 0 | T47: =SUM(AB48:AG48) -> 0 | AH47: =IFERROR(S47/(S47+T47),"") | AO47: =SUM(AI47:AN47) -> 0 | BA47: =SUM(AU47:AZ47) -> 0 | BH47: =SUM(BB47:BG47) -> 0 | BO47: =SUM(BI47:BN47) -> 0 | BV47: =SUM(BP47:BU47) -> 0 | CC47: =SUM(BW47:CB47) -> 0 | CE47: =(AU47*20)+(AV47*40)+(AW47*40)+(AX47*80)+(AY47*60)+(AZ47*60) -> 0 | CF47: =(BB47*50)+(BC47*100)+(BD47*100)+(BE47*200)+(BF47*150)+(BG47*150) -> 0 | CG47: =(BI47*100)+(BJ47*200)+(BK47*200)+(BL47*400)+(BM47*300)+(BN47*300) -> 0 | CH47: =(BP47*150)+(BQ47*300)+(BR47*300)+(BS47*600)+(BT47*450)+(BU47*450) -> 0 | CI47: =(BW47*200)+(BX47*400)+(BY47*400)+(BZ47*800)+(CA47*600)+(CB47*600) -> 0 | CJ47: =SUM(CE47:CI47) -> 0 | CK47: =AI47*257 -> 0 | CL47: =(AJ47*514)+(AK47*514) -> 0 | CM47: =(AM47*771)+(AN47*771) -> 0 | CN47: =AL47*1028 -> 0 | CO47: =SUM(CK47:CN47) -> 0 | DP47: =IFERROR(IF(_xlfn.RANK.EQ(AQ47,$AQ$45:$AQ$48,0)=1,1,""),"") | EC47: =IF(_xlfn.RANK.EQ(CJ47,$CJ$45:$CJ$48,0)=1,1,"") -> 1 | EL47: =D47 -> 0 | EN47: =(CJ47+CJ48)/(O47) -> #VALUE! | EO47: =IF(AND(DP47=1,O47<O45),1,"")
B48: Team 2.1 | C48: =A48&B48 -> Team 2.1 | O48: =IF(SUM(F48:N48)=0,"",SUM(F48:N48)) | P48: =IF(COUNTA(F48:N48)=0,"",COUNTA(F48:N48)) | S48: =SUM(V48:AA48) -> 0 | T48: =SUM(AB47:AG47) -> 0 | AH48: =IFERROR(S48/(S48+T48),"") | AO48: =SUM(AI48:AN48) -> 0 | BA48: =SUM(AU48:AZ48) -> 0 | BH48: =SUM(BB48:BG48) -> 0 | BO48: =SUM(BI48:BN48) -> 0 | BV48: =SUM(BP48:BU48) -> 0 | CC48: =SUM(BW48:CB48) -> 0 | CE48: =(AU48*20)+(AV48*40)+(AW48*40)+(AX48*80)+(AY48*60)+(AZ48*60) -> 0 | CF48: =(BB48*50)+(BC48*100)+(BD48*100)+(BE48*200)+(BF48*150)+(BG48*150) -> 0 | CG48: =(BI48*100)+(BJ48*200)+(BK48*200)+(BL48*400)+(BM48*300)+(BN48*300) -> 0 | CH48: =(BP48*150)+(BQ48*300)+(BR48*300)+(BS48*600)+(BT48*450)+(BU48*450) -> 0 | CI48: =(BW48*200)+(BX48*400)+(BY48*400)+(BZ48*800)+(CA48*600)+(CB48*600) -> 0 | CJ48: =SUM(CE48:CI48) -> 0 | CK48: =AI48*257 -> 0 | CL48: =(AJ48*514)+(AK48*514) -> 0 | CM48: =(AM48*771)+(AN48*771) -> 0 | CN48: =AL48*1028 -> 0 | CO48: =SUM(CK48:CN48) -> 0 | DP48: =IFERROR(IF(_xlfn.RANK.EQ(AQ48,$AQ$45:$AQ$48,0)=1,1,""),"") | EC48: =IF(_xlfn.RANK.EQ(CJ48,$CJ$45:$CJ$48,0)=1,1,"") -> 1 | EL48: =D48 -> 0
B49: Team 1 | C49: =A49&B49 -> Team 1 | E49: =D49&D50 | O49: =IF(SUM(F49:N49)=0,"",SUM(F49:N49)) | P49: =IF(COUNTA(F49:N49)=0,"",COUNTA(F49:N49)) | S49: =SUM(V49:AA49) -> 0 | T49: =SUM(AB50:AG50) -> 0 | AH49: =IFERROR(S49/(S49+T49),"") | AO49: =SUM(AI49:AN49) -> 0 | BA49: =SUM(AU49:AZ49) -> 0 | BH49: =SUM(BB49:BG49) -> 0 | BO49: =SUM(BI49:BN49) -> 0 | BV49: =SUM(BP49:BU49) -> 0 | CC49: =SUM(BW49:CB49) -> 0 | CE49: =(AU49*20)+(AV49*40)+(AW49*40)+(AX49*80)+(AY49*60)+(AZ49*60) -> 0 | CF49: =(BB49*50)+(BC49*100)+(BD49*100)+(BE49*200)+(BF49*150)+(BG49*150) -> 0 | CG49: =(BI49*100)+(BJ49*200)+(BK49*200)+(BL49*400)+(BM49*300)+(BN49*300) -> 0 | CH49: =(BP49*150)+(BQ49*300)+(BR49*300)+(BS49*600)+(BT49*450)+(BU49*450) -> 0 | CI49: =(BW49*200)+(BX49*400)+(BY49*400)+(BZ49*800)+(CA49*600)+(CB49*600) -> 0 | CJ49: =SUM(CE49:CI49) -> 0 | CK49: =AI49*257 -> 0 | CL49: =(AJ49*514)+(AK49*514) -> 0 | CM49: =(AM49*771)+(AN49*771) -> 0 | CN49: =AL49*1028 -> 0 | CO49: =SUM(CK49:CN49) -> 0 | DP49: =IFERROR(IF(_xlfn.RANK.EQ(AQ49,$AQ$49:$AQ$52,0)=1,1,""),"") | EC49: =IF(_xlfn.RANK.EQ(CJ49,$CJ$49:$CJ$52,0)=1,1,"") -> 1 | EL49: =D49 -> 0 | EN49: =(CJ49+CJ50)/(O49) -> #VALUE! | EO49: =IF(AND(DP49=1,O49<O51),1,"")
B50: Team 1.1 | C50: =A50&B50 -> Team 1.1 | O50: =IF(SUM(F50:N50)=0,"",SUM(F50:N50)) | P50: =IF(COUNTA(F50:N50)=0,"",COUNTA(F50:N50)) | S50: =SUM(V50:AA50) -> 0 | T50: =SUM(AB49:AG49) -> 0 | AH50: =IFERROR(S50/(S50+T50),"") | AO50: =SUM(AI50:AN50) -> 0 | BA50: =SUM(AU50:AZ50) -> 0 | BH50: =SUM(BB50:BG50) -> 0 | BO50: =SUM(BI50:BN50) -> 0 | BV50: =SUM(BP50:BU50) -> 0 | CC50: =SUM(BW50:CB50) -> 0 | CE50: =(AU50*20)+(AV50*40)+(AW50*40)+(AX50*80)+(AY50*60)+(AZ50*60) -> 0 | CF50: =(BB50*50)+(BC50*100)+(BD50*100)+(BE50*200)+(BF50*150)+(BG50*150) -> 0 | CG50: =(BI50*100)+(BJ50*200)+(BK50*200)+(BL50*400)+(BM50*300)+(BN50*300) -> 0 | CH50: =(BP50*150)+(BQ50*300)+(BR50*300)+(BS50*600)+(BT50*450)+(BU50*450) -> 0 | CI50: =(BW50*200)+(BX50*400)+(BY50*400)+(BZ50*800)+(CA50*600)+(CB50*600) -> 0 | CJ50: =SUM(CE50:CI50) -> 0 | CK50: =AI50*257 -> 0 | CL50: =(AJ50*514)+(AK50*514) -> 0 | CM50: =(AM50*771)+(AN50*771) -> 0 | CN50: =AL50*1028 -> 0 | CO50: =SUM(CK50:CN50) -> 0 | DP50: =IFERROR(IF(_xlfn.RANK.EQ(AQ50,$AQ$49:$AQ$52,0)=1,1,""),"") | EC50: =IF(_xlfn.RANK.EQ(CJ50,$CJ$49:$CJ$52,0)=1,1,"") -> 1 | EL50: =D50 -> 0
B51: Team 2 | C51: =A51&B51 -> Team 2 | E51: =D51&D52 | O51: =IF(SUM(F51:N51)=0,"",SUM(F51:N51)) | P51: =IF(COUNTA(F51:N51)=0,"",COUNTA(F51:N51)) | S51: =SUM(V51:AA51) -> 0 | T51: =SUM(AB52:AG52) -> 0 | AH51: =IFERROR(S51/(S51+T51),"") | AO51: =SUM(AI51:AN51) -> 0 | BA51: =SUM(AU51:AZ51) -> 0 | BH51: =SUM(BB51:BG51) -> 0 | BO51: =SUM(BI51:BN51) -> 0 | BV51: =SUM(BP51:BU51) -> 0 | CC51: =SUM(BW51:CB51) -> 0 | CE51: =(AU51*20)+(AV51*40)+(AW51*40)+(AX51*80)+(AY51*60)+(AZ51*60) -> 0 | CF51: =(BB51*50)+(BC51*100)+(BD51*100)+(BE51*200)+(BF51*150)+(BG51*150) -> 0 | CG51: =(BI51*100)+(BJ51*200)+(BK51*200)+(BL51*400)+(BM51*300)+(BN51*300) -> 0 | CH51: =(BP51*150)+(BQ51*300)+(BR51*300)+(BS51*600)+(BT51*450)+(BU51*450) -> 0 | CI51: =(BW51*200)+(BX51*400)+(BY51*400)+(BZ51*800)+(CA51*600)+(CB51*600) -> 0 | CJ51: =SUM(CE51:CI51) -> 0 | CK51: =AI51*257 -> 0 | CL51: =(AJ51*514)+(AK51*514) -> 0 | CM51: =(AM51*771)+(AN51*771) -> 0 | CN51: =AL51*1028 -> 0 | CO51: =SUM(CK51:CN51) -> 0 | DP51: =IFERROR(IF(_xlfn.RANK.EQ(AQ51,$AQ$49:$AQ$52,0)=1,1,""),"") | EC51: =IF(_xlfn.RANK.EQ(CJ51,$CJ$49:$CJ$52,0)=1,1,"") -> 1 | EL51: =D51 -> 0 | EN51: =(CJ51+CJ52)/(O51) -> #VALUE! | EO51: =IF(AND(DP51=1,O51<O49),1,"")
B52: Team 2.1 | C52: =A52&B52 -> Team 2.1 | O52: =IF(SUM(F52:N52)=0,"",SUM(F52:N52)) | P52: =IF(COUNTA(F52:N52)=0,"",COUNTA(F52:N52)) | S52: =SUM(V52:AA52) -> 0 | T52: =SUM(AB51:AG51) -> 0 | AH52: =IFERROR(S52/(S52+T52),"") | AO52: =SUM(AI52:AN52) -> 0 | BA52: =SUM(AU52:AZ52) -> 0 | BH52: =SUM(BB52:BG52) -> 0 | BO52: =SUM(BI52:BN52) -> 0 | BV52: =SUM(BP52:BU52) -> 0 | CC52: =SUM(BW52:CB52) -> 0 | CE52: =(AU52*20)+(AV52*40)+(AW52*40)+(AX52*80)+(AY52*60)+(AZ52*60) -> 0 | CF52: =(BB52*50)+(BC52*100)+(BD52*100)+(BE52*200)+(BF52*150)+(BG52*150) -> 0 | CG52: =(BI52*100)+(BJ52*200)+(BK52*200)+(BL52*400)+(BM52*300)+(BN52*300) -> 0 | CH52: =(BP52*150)+(BQ52*300)+(BR52*300)+(BS52*600)+(BT52*450)+(BU52*450) -> 0 | CI52: =(BW52*200)+(BX52*400)+(BY52*400)+(BZ52*800)+(CA52*600)+(CB52*600) -> 0 | CJ52: =SUM(CE52:CI52) -> 0 | CK52: =AI52*257 -> 0 | CL52: =(AJ52*514)+(AK52*514) -> 0 | CM52: =(AM52*771)+(AN52*771) -> 0 | CN52: =AL52*1028 -> 0 | CO52: =SUM(CK52:CN52) -> 0 | DP52: =IFERROR(IF(_xlfn.RANK.EQ(AQ52,$AQ$49:$AQ$52,0)=1,1,""),"") | EC52: =IF(_xlfn.RANK.EQ(CJ52,$CJ$49:$CJ$52,0)=1,1,"") -> 1 | EL52: =D52 -> 0
B53: Team 1 | C53: =A53&B53 -> Team 1 | E53: =D53&D54 | O53: =IF(SUM(F53:N53)=0,"",SUM(F53:N53)) | P53: =IF(COUNTA(F53:N53)=0,"",COUNTA(F53:N53)) | S53: =SUM(V53:AA53) -> 0 | T53: =SUM(AB54:AG54) -> 0 | AH53: =IFERROR(S53/(S53+T53),"") | AO53: =SUM(AI53:AN53) -> 0 | BA53: =SUM(AU53:AZ53) -> 0 | BH53: =SUM(BB53:BG53) -> 0 | BO53: =SUM(BI53:BN53) -> 0 | BV53: =SUM(BP53:BU53) -> 0 | CC53: =SUM(BW53:CB53) -> 0 | CE53: =(AU53*20)+(AV53*40)+(AW53*40)+(AX53*80)+(AY53*60)+(AZ53*60) -> 0 | CF53: =(BB53*50)+(BC53*100)+(BD53*100)+(BE53*200)+(BF53*150)+(BG53*150) -> 0 | CG53: =(BI53*100)+(BJ53*200)+(BK53*200)+(BL53*400)+(BM53*300)+(BN53*300) -> 0 | CH53: =(BP53*150)+(BQ53*300)+(BR53*300)+(BS53*600)+(BT53*450)+(BU53*450) -> 0 | CI53: =(BW53*200)+(BX53*400)+(BY53*400)+(BZ53*800)+(CA53*600)+(CB53*600) -> 0 | CJ53: =SUM(CE53:CI53) -> 0 | CK53: =AI53*257 -> 0 | CL53: =(AJ53*514)+(AK53*514) -> 0 | CM53: =(AM53*771)+(AN53*771) -> 0 | CN53: =AL53*1028 -> 0 | CO53: =SUM(CK53:CN53) -> 0 | DP53: =IFERROR(IF(_xlfn.RANK.EQ(AQ53,$AQ$53:$AQ$56,0)=1,1,""),"") | EC53: =IF(_xlfn.RANK.EQ(CJ53,$CJ$53:$CJ$56,0)=1,1,"") -> 1 | EL53: =D53 -> 0 | EN53: =(CJ53+CJ54)/(O53) -> #VALUE! | EO53: =IF(AND(DP53=1,O53<O55),1,"")
B54: Team 1.1 | C54: =A54&B54 -> Team 1.1 | O54: =IF(SUM(F54:N54)=0,"",SUM(F54:N54)) | P54: =IF(COUNTA(F54:N54)=0,"",COUNTA(F54:N54)) | S54: =SUM(V54:AA54) -> 0 | T54: =SUM(AB53:AG53) -> 0 | AH54: =IFERROR(S54/(S54+T54),"") | AO54: =SUM(AI54:AN54) -> 0 | BA54: =SUM(AU54:AZ54) -> 0 | BH54: =SUM(BB54:BG54) -> 0 | BO54: =SUM(BI54:BN54) -> 0 | BV54: =SUM(BP54:BU54) -> 0 | CC54: =SUM(BW54:CB54) -> 0 | CE54: =(AU54*20)+(AV54*40)+(AW54*40)+(AX54*80)+(AY54*60)+(AZ54*60) -> 0 | CF54: =(BB54*50)+(BC54*100)+(BD54*100)+(BE54*200)+(BF54*150)+(BG54*150) -> 0 | CG54: =(BI54*100)+(BJ54*200)+(BK54*200)+(BL54*400)+(BM54*300)+(BN54*300) -> 0 | CH54: =(BP54*150)+(BQ54*300)+(BR54*300)+(BS54*600)+(BT54*450)+(BU54*450) -> 0 | CI54: =(BW54*200)+(BX54*400)+(BY54*400)+(BZ54*800)+(CA54*600)+(CB54*600) -> 0 | CJ54: =SUM(CE54:CI54) -> 0 | CK54: =AI54*257 -> 0 | CL54: =(AJ54*514)+(AK54*514) -> 0 | CM54: =(AM54*771)+(AN54*771) -> 0 | CN54: =AL54*1028 -> 0 | CO54: =SUM(CK54:CN54) -> 0 | DP54: =IFERROR(IF(_xlfn.RANK.EQ(AQ54,$AQ$53:$AQ$56,0)=1,1,""),"") | EC54: =IF(_xlfn.RANK.EQ(CJ54,$CJ$53:$CJ$56,0)=1,1,"") -> 1 | EL54: =D54 -> 0
B55: Team 2 | C55: =A55&B55 -> Team 2 | E55: =D55&D56 | O55: =IF(SUM(F55:N55)=0,"",SUM(F55:N55)) | P55: =IF(COUNTA(F55:N55)=0,"",COUNTA(F55:N55)) | S55: =SUM(V55:AA55) -> 0 | T55: =SUM(AB56:AG56) -> 0 | AH55: =IFERROR(S55/(S55+T55),"") | AO55: =SUM(AI55:AN55) -> 0 | BA55: =SUM(AU55:AZ55) -> 0 | BH55: =SUM(BB55:BG55) -> 0 | BO55: =SUM(BI55:BN55) -> 0 | BV55: =SUM(BP55:BU55) -> 0 | CC55: =SUM(BW55:CB55) -> 0 | CE55: =(AU55*20)+(AV55*40)+(AW55*40)+(AX55*80)+(AY55*60)+(AZ55*60) -> 0 | CF55: =(BB55*50)+(BC55*100)+(BD55*100)+(BE55*200)+(BF55*150)+(BG55*150) -> 0 | CG55: =(BI55*100)+(BJ55*200)+(BK55*200)+(BL55*400)+(BM55*300)+(BN55*300) -> 0 | CH55: =(BP55*150)+(BQ55*300)+(BR55*300)+(BS55*600)+(BT55*450)+(BU55*450) -> 0 | CI55: =(BW55*200)+(BX55*400)+(BY55*400)+(BZ55*800)+(CA55*600)+(CB55*600) -> 0 | CJ55: =SUM(CE55:CI55) -> 0 | CK55: =AI55*257 -> 0 | CL55: =(AJ55*514)+(AK55*514) -> 0 | CM55: =(AM55*771)+(AN55*771) -> 0 | CN55: =AL55*1028 -> 0 | CO55: =SUM(CK55:CN55) -> 0 | DP55: =IFERROR(IF(_xlfn.RANK.EQ(AQ55,$AQ$53:$AQ$56,0)=1,1,""),"") | EC55: =IF(_xlfn.RANK.EQ(CJ55,$CJ$53:$CJ$56,0)=1,1,"") -> 1 | EL55: =D55 -> 0 | EN55: =(CJ55+CJ56)/(O55) -> #VALUE! | EO55: =IF(AND(DP55=1,O55<O53),1,"")
B56: Team 2.1 | C56: =A56&B56 -> Team 2.1 | O56: =IF(SUM(F56:N56)=0,"",SUM(F56:N56)) | P56: =IF(COUNTA(F56:N56)=0,"",COUNTA(F56:N56)) | S56: =SUM(V56:AA56) -> 0 | T56: =SUM(AB55:AG55) -> 0 | AH56: =IFERROR(S56/(S56+T56),"") | AO56: =SUM(AI56:AN56) -> 0 | BA56: =SUM(AU56:AZ56) -> 0 | BH56: =SUM(BB56:BG56) -> 0 | BO56: =SUM(BI56:BN56) -> 0 | BV56: =SUM(BP56:BU56) -> 0 | CC56: =SUM(BW56:CB56) -> 0 | CE56: =(AU56*20)+(AV56*40)+(AW56*40)+(AX56*80)+(AY56*60)+(AZ56*60) -> 0 | CF56: =(BB56*50)+(BC56*100)+(BD56*100)+(BE56*200)+(BF56*150)+(BG56*150) -> 0 | CG56: =(BI56*100)+(BJ56*200)+(BK56*200)+(BL56*400)+(BM56*300)+(BN56*300) -> 0 | CH56: =(BP56*150)+(BQ56*300)+(BR56*300)+(BS56*600)+(BT56*450)+(BU56*450) -> 0 | CI56: =(BW56*200)+(BX56*400)+(BY56*400)+(BZ56*800)+(CA56*600)+(CB56*600) -> 0 | CJ56: =SUM(CE56:CI56) -> 0 | CK56: =AI56*257 -> 0 | CL56: =(AJ56*514)+(AK56*514) -> 0 | CM56: =(AM56*771)+(AN56*771) -> 0 | CN56: =AL56*1028 -> 0 | CO56: =SUM(CK56:CN56) -> 0 | DP56: =IFERROR(IF(_xlfn.RANK.EQ(AQ56,$AQ$53:$AQ$56,0)=1,1,""),"") | EC56: =IF(_xlfn.RANK.EQ(CJ56,$CJ$53:$CJ$56,0)=1,1,"") -> 1 | EL56: =D56 -> 0
B57: Team 1 | C57: =A57&B57 -> Team 1 | E57: =D57&D58 | O57: =IF(SUM(F57:N57)=0,"",SUM(F57:N57)) | P57: =IF(COUNTA(F57:N57)=0,"",COUNTA(F57:N57)) | S57: =SUM(V57:AA57) -> 0 | T57: =SUM(AB58:AG58) -> 0 | AH57: =IFERROR(S57/(S57+T57),"") | AO57: =SUM(AI57:AN57) -> 0 | BA57: =SUM(AU57:AZ57) -> 0 | BH57: =SUM(BB57:BG57) -> 0 | BO57: =SUM(BI57:BN57) -> 0 | BV57: =SUM(BP57:BU57) -> 0 | CC57: =SUM(BW57:CB57) -> 0 | CE57: =(AU57*20)+(AV57*40)+(AW57*40)+(AX57*80)+(AY57*60)+(AZ57*60) -> 0 | CF57: =(BB57*50)+(BC57*100)+(BD57*100)+(BE57*200)+(BF57*150)+(BG57*150) -> 0 | CG57: =(BI57*100)+(BJ57*200)+(BK57*200)+(BL57*400)+(BM57*300)+(BN57*300) -> 0 | CH57: =(BP57*150)+(BQ57*300)+(BR57*300)+(BS57*600)+(BT57*450)+(BU57*450) -> 0 | CI57: =(BW57*200)+(BX57*400)+(BY57*400)+(BZ57*800)+(CA57*600)+(CB57*600) -> 0 | CJ57: =SUM(CE57:CI57) -> 0 | CK57: =AI57*257 -> 0 | CL57: =(AJ57*514)+(AK57*514) -> 0 | CM57: =(AM57*771)+(AN57*771) -> 0 | CN57: =AL57*1028 -> 0 | CO57: =SUM(CK57:CN57) -> 0 | DP57: =IFERROR(IF(_xlfn.RANK.EQ(AQ57,$AQ$57:$AQ$60,0)=1,1,""),"") | EC57: =IF(_xlfn.RANK.EQ(CJ57,$CJ$57:$CJ$60,0)=1,1,"") -> 1 | EL57: =D57 -> 0 | EN57: =(CJ57+CJ58)/(O57) -> #VALUE! | EO57: =IF(AND(DP57=1,O57<O59),1,"")
B58: Team 1.1 | C58: =A58&B58 -> Team 1.1 | O58: =IF(SUM(F58:N58)=0,"",SUM(F58:N58)) | P58: =IF(COUNTA(F58:N58)=0,"",COUNTA(F58:N58)) | S58: =SUM(V58:AA58) -> 0 | T58: =SUM(AB57:AG57) -> 0 | AH58: =IFERROR(S58/(S58+T58),"") | AO58: =SUM(AI58:AN58) -> 0 | BA58: =SUM(AU58:AZ58) -> 0 | BH58: =SUM(BB58:BG58) -> 0 | BO58: =SUM(BI58:BN58) -> 0 | BV58: =SUM(BP58:BU58) -> 0 | CC58: =SUM(BW58:CB58) -> 0 | CE58: =(AU58*20)+(AV58*40)+(AW58*40)+(AX58*80)+(AY58*60)+(AZ58*60) -> 0 | CF58: =(BB58*50)+(BC58*100)+(BD58*100)+(BE58*200)+(BF58*150)+(BG58*150) -> 0 | CG58: =(BI58*100)+(BJ58*200)+(BK58*200)+(BL58*400)+(BM58*300)+(BN58*300) -> 0 | CH58: =(BP58*150)+(BQ58*300)+(BR58*300)+(BS58*600)+(BT58*450)+(BU58*450) -> 0 | CI58: =(BW58*200)+(BX58*400)+(BY58*400)+(BZ58*800)+(CA58*600)+(CB58*600) -> 0 | CJ58: =SUM(CE58:CI58) -> 0 | CK58: =AI58*257 -> 0 | CL58: =(AJ58*514)+(AK58*514) -> 0 | CM58: =(AM58*771)+(AN58*771) -> 0 | CN58: =AL58*1028 -> 0 | CO58: =SUM(CK58:CN58) -> 0 | DP58: =IFERROR(IF(_xlfn.RANK.EQ(AQ58,$AQ$57:$AQ$60,0)=1,1,""),"") | EC58: =IF(_xlfn.RANK.EQ(CJ58,$CJ$57:$CJ$60,0)=1,1,"") -> 1 | EL58: =D58 -> 0
B59: Team 2 | C59: =A59&B59 -> Team 2 | E59: =D59&D60 | O59: =IF(SUM(F59:N59)=0,"",SUM(F59:N59)) | P59: =IF(COUNTA(F59:N59)=0,"",COUNTA(F59:N59)) | S59: =SUM(V59:AA59) -> 0 | T59: =SUM(AB60:AG60) -> 0 | AH59: =IFERROR(S59/(S59+T59),"") | AO59: =SUM(AI59:AN59) -> 0 | BA59: =SUM(AU59:AZ59) -> 0 | BH59: =SUM(BB59:BG59) -> 0 | BO59: =SUM(BI59:BN59) -> 0 | BV59: =SUM(BP59:BU59) -> 0 | CC59: =SUM(BW59:CB59) -> 0 | CE59: =(AU59*20)+(AV59*40)+(AW59*40)+(AX59*80)+(AY59*60)+(AZ59*60) -> 0 | CF59: =(BB59*50)+(BC59*100)+(BD59*100)+(BE59*200)+(BF59*150)+(BG59*150) -> 0 | CG59: =(BI59*100)+(BJ59*200)+(BK59*200)+(BL59*400)+(BM59*300)+(BN59*300) -> 0 | CH59: =(BP59*150)+(BQ59*300)+(BR59*300)+(BS59*600)+(BT59*450)+(BU59*450) -> 0 | CI59: =(BW59*200)+(BX59*400)+(BY59*400)+(BZ59*800)+(CA59*600)+(CB59*600) -> 0 | CJ59: =SUM(CE59:CI59) -> 0 | CK59: =AI59*257 -> 0 | CL59: =(AJ59*514)+(AK59*514) -> 0 | CM59: =(AM59*771)+(AN59*771) -> 0 | CN59: =AL59*1028 -> 0 | CO59: =SUM(CK59:CN59) -> 0 | DP59: =IFERROR(IF(_xlfn.RANK.EQ(AQ59,$AQ$57:$AQ$60,0)=1,1,""),"") | EC59: =IF(_xlfn.RANK.EQ(CJ59,$CJ$57:$CJ$60,0)=1,1,"") -> 1 | EL59: =D59 -> 0 | EN59: =(CJ59+CJ60)/(O59) -> #VALUE! | EO59: =IF(AND(DP59=1,O59<O57),1,"")
B60: Team 2.1 | C60: =A60&B60 -> Team 2.1 | O60: =IF(SUM(F60:N60)=0,"",SUM(F60:N60)) | P60: =IF(COUNTA(F60:N60)=0,"",COUNTA(F60:N60)) | S60: =SUM(V60:AA60) -> 0 | T60: =SUM(AB59:AG59) -> 0 | AH60: =IFERROR(S60/(S60+T60),"") | AO60: =SUM(AI60:AN60) -> 0 | BA60: =SUM(AU60:AZ60) -> 0 | BH60: =SUM(BB60:BG60) -> 0 | BO60: =SUM(BI60:BN60) -> 0 | BV60: =SUM(BP60:BU60) -> 0 | CC60: =SUM(BW60:CB60) -> 0 | CE60: =(AU60*20)+(AV60*40)+(AW60*40)+(AX60*80)+(AY60*60)+(AZ60*60) -> 0 | CF60: =(BB60*50)+(BC60*100)+(BD60*100)+(BE60*200)+(BF60*150)+(BG60*150) -> 0 | CG60: =(BI60*100)+(BJ60*200)+(BK60*200)+(BL60*400)+(BM60*300)+(BN60*300) -> 0 | CH60: =(BP60*150)+(BQ60*300)+(BR60*300)+(BS60*600)+(BT60*450)+(BU60*450) -> 0 | CI60: =(BW60*200)+(BX60*400)+(BY60*400)+(BZ60*800)+(CA60*600)+(CB60*600) -> 0 | CJ60: =SUM(CE60:CI60) -> 0 | CK60: =AI60*257 -> 0 | CL60: =(AJ60*514)+(AK60*514) -> 0 | CM60: =(AM60*771)+(AN60*771) -> 0 | CN60: =AL60*1028 -> 0 | CO60: =SUM(CK60:CN60) -> 0 | DP60: =IFERROR(IF(_xlfn.RANK.EQ(AQ60,$AQ$57:$AQ$60,0)=1,1,""),"") | EC60: =IF(_xlfn.RANK.EQ(CJ60,$CJ$57:$CJ$60,0)=1,1,"") -> 1 | EL60: =D60 -> 0
B61: Team 1 | C61: =A61&B61 -> Team 1 | E61: =D61&D62 | O61: =IF(SUM(F61:N61)=0,"",SUM(F61:N61)) | P61: =IF(COUNTA(F61:N61)=0,"",COUNTA(F61:N61)) | S61: =SUM(V61:AA61) -> 0 | T61: =SUM(AB62:AG62) -> 0 | AH61: =IFERROR(S61/(S61+T61),"") | AO61: =SUM(AI61:AN61) -> 0 | BA61: =SUM(AU61:AZ61) -> 0 | BH61: =SUM(BB61:BG61) -> 0 | BO61: =SUM(BI61:BN61) -> 0 | BV61: =SUM(BP61:BU61) -> 0 | CC61: =SUM(BW61:CB61) -> 0 | CE61: =(AU61*20)+(AV61*40)+(AW61*40)+(AX61*80)+(AY61*60)+(AZ61*60) -> 0 | CF61: =(BB61*50)+(BC61*100)+(BD61*100)+(BE61*200)+(BF61*150)+(BG61*150) -> 0 | CG61: =(BI61*100)+(BJ61*200)+(BK61*200)+(BL61*400)+(BM61*300)+(BN61*300) -> 0 | CH61: =(BP61*150)+(BQ61*300)+(BR61*300)+(BS61*600)+(BT61*450)+(BU61*450) -> 0 | CI61: =(BW61*200)+(BX61*400)+(BY61*400)+(BZ61*800)+(CA61*600)+(CB61*600) -> 0 | CJ61: =SUM(CE61:CI61) -> 0 | CK61: =AI61*257 -> 0 | CL61: =(AJ61*514)+(AK61*514) -> 0 | CM61: =(AM61*771)+(AN61*771) -> 0 | CN61: =AL61*1028 -> 0 | CO61: =SUM(CK61:CN61) -> 0 | DP61: =IFERROR(IF(_xlfn.RANK.EQ(AQ61,$AQ$61:$AQ$64,0)=1,1,""),"") | EC61: =IF(_xlfn.RANK.EQ(CJ61,$CJ$61:$CJ$64,0)=1,1,"") -> 1 | EL61: =D61 -> 0 | EN61: =(CJ61+CJ62)/(O61) -> #VALUE! | EO61: =IF(AND(DP61=1,O61<O63),1,"")
B62: Team 1.1 | C62: =A62&B62 -> Team 1.1 | O62: =IF(SUM(F62:N62)=0,"",SUM(F62:N62)) | P62: =IF(COUNTA(F62:N62)=0,"",COUNTA(F62:N62)) | S62: =SUM(V62:AA62) -> 0 | T62: =SUM(AB61:AG61) -> 0 | AH62: =IFERROR(S62/(S62+T62),"") | AO62: =SUM(AI62:AN62) -> 0 | BA62: =SUM(AU62:AZ62) -> 0 | BH62: =SUM(BB62:BG62) -> 0 | BO62: =SUM(BI62:BN62) -> 0 | BV62: =SUM(BP62:BU62) -> 0 | CC62: =SUM(BW62:CB62) -> 0 | CE62: =(AU62*20)+(AV62*40)+(AW62*40)+(AX62*80)+(AY62*60)+(AZ62*60) -> 0 | CF62: =(BB62*50)+(BC62*100)+(BD62*100)+(BE62*200)+(BF62*150)+(BG62*150) -> 0 | CG62: =(BI62*100)+(BJ62*200)+(BK62*200)+(BL62*400)+(BM62*300)+(BN62*300) -> 0 | CH62: =(BP62*150)+(BQ62*300)+(BR62*300)+(BS62*600)+(BT62*450)+(BU62*450) -> 0 | CI62: =(BW62*200)+(BX62*400)+(BY62*400)+(BZ62*800)+(CA62*600)+(CB62*600) -> 0 | CJ62: =SUM(CE62:CI62) -> 0 | CK62: =AI62*257 -> 0 | CL62: =(AJ62*514)+(AK62*514) -> 0 | CM62: =(AM62*771)+(AN62*771) -> 0 | CN62: =AL62*1028 -> 0 | CO62: =SUM(CK62:CN62) -> 0 | DP62: =IFERROR(IF(_xlfn.RANK.EQ(AQ62,$AQ$61:$AQ$64,0)=1,1,""),"") | EC62: =IF(_xlfn.RANK.EQ(CJ62,$CJ$61:$CJ$64,0)=1,1,"") -> 1 | EL62: =D62 -> 0
B63: Team 2 | C63: =A63&B63 -> Team 2 | E63: =D63&D64 | O63: =IF(SUM(F63:N63)=0,"",SUM(F63:N63)) | P63: =IF(COUNTA(F63:N63)=0,"",COUNTA(F63:N63)) | S63: =SUM(V63:AA63) -> 0 | T63: =SUM(AB64:AG64) -> 0 | AH63: =IFERROR(S63/(S63+T63),"") | AO63: =SUM(AI63:AN63) -> 0 | BA63: =SUM(AU63:AZ63) -> 0 | BH63: =SUM(BB63:BG63) -> 0 | BO63: =SUM(BI63:BN63) -> 0 | BV63: =SUM(BP63:BU63) -> 0 | CC63: =SUM(BW63:CB63) -> 0 | CE63: =(AU63*20)+(AV63*40)+(AW63*40)+(AX63*80)+(AY63*60)+(AZ63*60) -> 0 | CF63: =(BB63*50)+(BC63*100)+(BD63*100)+(BE63*200)+(BF63*150)+(BG63*150) -> 0 | CG63: =(BI63*100)+(BJ63*200)+(BK63*200)+(BL63*400)+(BM63*300)+(BN63*300) -> 0 | CH63: =(BP63*150)+(BQ63*300)+(BR63*300)+(BS63*600)+(BT63*450)+(BU63*450) -> 0 | CI63: =(BW63*200)+(BX63*400)+(BY63*400)+(BZ63*800)+(CA63*600)+(CB63*600) -> 0 | CJ63: =SUM(CE63:CI63) -> 0 | CK63: =AI63*257 -> 0 | CL63: =(AJ63*514)+(AK63*514) -> 0 | CM63: =(AM63*771)+(AN63*771) -> 0 | CN63: =AL63*1028 -> 0 | CO63: =SUM(CK63:CN63) -> 0 | DP63: =IFERROR(IF(_xlfn.RANK.EQ(AQ63,$AQ$61:$AQ$64,0)=1,1,""),"") | EC63: =IF(_xlfn.RANK.EQ(CJ63,$CJ$61:$CJ$64,0)=1,1,"") -> 1 | EL63: =D63 -> 0 | EN63: =(CJ63+CJ64)/(O63) -> #VALUE! | EO63: =IF(AND(DP63=1,O63<O61),1,"")
B64: Team 2.1 | C64: =A64&B64 -> Team 2.1 | O64: =IF(SUM(F64:N64)=0,"",SUM(F64:N64)) | P64: =IF(COUNTA(F64:N64)=0,"",COUNTA(F64:N64)) | S64: =SUM(V64:AA64) -> 0 | T64: =SUM(AB63:AG63) -> 0 | AH64: =IFERROR(S64/(S64+T64),"") | AO64: =SUM(AI64:AN64) -> 0 | BA64: =SUM(AU64:AZ64) -> 0 | BH64: =SUM(BB64:BG64) -> 0 | BO64: =SUM(BI64:BN64) -> 0 | BV64: =SUM(BP64:BU64) -> 0 | CC64: =SUM(BW64:CB64) -> 0 | CE64: =(AU64*20)+(AV64*40)+(AW64*40)+(AX64*80)+(AY64*60)+(AZ64*60) -> 0 | CF64: =(BB64*50)+(BC64*100)+(BD64*100)+(BE64*200)+(BF64*150)+(BG64*150) -> 0 | CG64: =(BI64*100)+(BJ64*200)+(BK64*200)+(BL64*400)+(BM64*300)+(BN64*300) -> 0 | CH64: =(BP64*150)+(BQ64*300)+(BR64*300)+(BS64*600)+(BT64*450)+(BU64*450) -> 0 | CI64: =(BW64*200)+(BX64*400)+(BY64*400)+(BZ64*800)+(CA64*600)+(CB64*600) -> 0 | CJ64: =SUM(CE64:CI64) -> 0 | CK64: =AI64*257 -> 0 | CL64: =(AJ64*514)+(AK64*514) -> 0 | CM64: =(AM64*771)+(AN64*771) -> 0 | CN64: =AL64*1028 -> 0 | CO64: =SUM(CK64:CN64) -> 0 | DP64: =IFERROR(IF(_xlfn.RANK.EQ(AQ64,$AQ$61:$AQ$64,0)=1,1,""),"") | EC64: =IF(_xlfn.RANK.EQ(CJ64,$CJ$61:$CJ$64,0)=1,1,"") -> 1 | EL64: =D64 -> 0
B65: Team 1 | C65: =A65&B65 -> Team 1 | E65: =D65&D66 | O65: =IF(SUM(F65:N65)=0,"",SUM(F65:N65)) | P65: =IF(COUNTA(F65:N65)=0,"",COUNTA(F65:N65)) | S65: =SUM(V65:AA65) -> 0 | T65: =SUM(AB66:AG66) -> 0 | AH65: =IFERROR(S65/(S65+T65),"") | AO65: =SUM(AI65:AN65) -> 0 | BA65: =SUM(AU65:AZ65) -> 0 | BH65: =SUM(BB65:BG65) -> 0 | BO65: =SUM(BI65:BN65) -> 0 | BV65: =SUM(BP65:BU65) -> 0 | CC65: =SUM(BW65:CB65) -> 0 | CE65: =(AU65*20)+(AV65*40)+(AW65*40)+(AX65*80)+(AY65*60)+(AZ65*60) -> 0 | CF65: =(BB65*50)+(BC65*100)+(BD65*100)+(BE65*200)+(BF65*150)+(BG65*150) -> 0 | CG65: =(BI65*100)+(BJ65*200)+(BK65*200)+(BL65*400)+(BM65*300)+(BN65*300) -> 0 | CH65: =(BP65*150)+(BQ65*300)+(BR65*300)+(BS65*600)+(BT65*450)+(BU65*450) -> 0 | CI65: =(BW65*200)+(BX65*400)+(BY65*400)+(BZ65*800)+(CA65*600)+(CB65*600) -> 0 | CJ65: =SUM(CE65:CI65) -> 0 | CK65: =AI65*257 -> 0 | CL65: =(AJ65*514)+(AK65*514) -> 0 | CM65: =(AM65*771)+(AN65*771) -> 0 | CN65: =AL65*1028 -> 0 | CO65: =SUM(CK65:CN65) -> 0 | DP65: =IFERROR(IF(_xlfn.RANK.EQ(AQ65,$AQ$65:$AQ$68,0)=1,1,""),"") | EC65: =IF(_xlfn.RANK.EQ(CJ65,$CJ$65:$CJ$68,0)=1,1,"") -> 1 | EL65: =D65 -> 0 | EN65: =(CJ65+CJ66)/(O65) -> #VALUE! | EO65: =IF(AND(DP65=1,O65<O67),1,"")
B66: Team 1.1 | C66: =A66&B66 -> Team 1.1 | O66: =IF(SUM(F66:N66)=0,"",SUM(F66:N66)) | P66: =IF(COUNTA(F66:N66)=0,"",COUNTA(F66:N66)) | S66: =SUM(V66:AA66) -> 0 | T66: =SUM(AB65:AG65) -> 0 | AH66: =IFERROR(S66/(S66+T66),"") | AO66: =SUM(AI66:AN66) -> 0 | BA66: =SUM(AU66:AZ66) -> 0 | BH66: =SUM(BB66:BG66) -> 0 | BO66: =SUM(BI66:BN66) -> 0 | BV66: =SUM(BP66:BU66) -> 0 | CC66: =SUM(BW66:CB66) -> 0 | CE66: =(AU66*20)+(AV66*40)+(AW66*40)+(AX66*80)+(AY66*60)+(AZ66*60) -> 0 | CF66: =(BB66*50)+(BC66*100)+(BD66*100)+(BE66*200)+(BF66*150)+(BG66*150) -> 0 | CG66: =(BI66*100)+(BJ66*200)+(BK66*200)+(BL66*400)+(BM66*300)+(BN66*300) -> 0 | CH66: =(BP66*150)+(BQ66*300)+(BR66*300)+(BS66*600)+(BT66*450)+(BU66*450) -> 0 | CI66: =(BW66*200)+(BX66*400)+(BY66*400)+(BZ66*800)+(CA66*600)+(CB66*600) -> 0 | CJ66: =SUM(CE66:CI66) -> 0 | CK66: =AI66*257 -> 0 | CL66: =(AJ66*514)+(AK66*514) -> 0 | CM66: =(AM66*771)+(AN66*771) -> 0 | CN66: =AL66*1028 -> 0 | CO66: =SUM(CK66:CN66) -> 0 | DP66: =IFERROR(IF(_xlfn.RANK.EQ(AQ66,$AQ$65:$AQ$68,0)=1,1,""),"") | EC66: =IF(_xlfn.RANK.EQ(CJ66,$CJ$65:$CJ$68,0)=1,1,"") -> 1 | EL66: =D66 -> 0
B67: Team 2 | C67: =A67&B67 -> Team 2 | E67: =D67&D68 | O67: =IF(SUM(F67:N67)=0,"",SUM(F67:N67)) | P67: =IF(COUNTA(F67:N67)=0,"",COUNTA(F67:N67)) | S67: =SUM(V67:AA67) -> 0 | T67: =SUM(AB68:AG68) -> 0 | AH67: =IFERROR(S67/(S67+T67),"") | AO67: =SUM(AI67:AN67) -> 0 | BA67: =SUM(AU67:AZ67) -> 0 | BH67: =SUM(BB67:BG67) -> 0 | BO67: =SUM(BI67:BN67) -> 0 | BV67: =SUM(BP67:BU67) -> 0 | CC67: =SUM(BW67:CB67) -> 0 | CE67: =(AU67*20)+(AV67*40)+(AW67*40)+(AX67*80)+(AY67*60)+(AZ67*60) -> 0 | CF67: =(BB67*50)+(BC67*100)+(BD67*100)+(BE67*200)+(BF67*150)+(BG67*150) -> 0 | CG67: =(BI67*100)+(BJ67*200)+(BK67*200)+(BL67*400)+(BM67*300)+(BN67*300) -> 0 | CH67: =(BP67*150)+(BQ67*300)+(BR67*300)+(BS67*600)+(BT67*450)+(BU67*450) -> 0 | CI67: =(BW67*200)+(BX67*400)+(BY67*400)+(BZ67*800)+(CA67*600)+(CB67*600) -> 0 | CJ67: =SUM(CE67:CI67) -> 0 | CK67: =AI67*257 -> 0 | CL67: =(AJ67*514)+(AK67*514) -> 0 | CM67: =(AM67*771)+(AN67*771) -> 0 | CN67: =AL67*1028 -> 0 | CO67: =SUM(CK67:CN67) -> 0 | DP67: =IFERROR(IF(_xlfn.RANK.EQ(AQ67,$AQ$65:$AQ$68,0)=1,1,""),"") | EC67: =IF(_xlfn.RANK.EQ(CJ67,$CJ$65:$CJ$68,0)=1,1,"") -> 1 | EL67: =D67 -> 0 | EN67: =(CJ67+CJ68)/(O67) -> #VALUE! | EO67: =IF(AND(DP67=1,O67<O65),1,"")
B68: Team 2.1 | C68: =A68&B68 -> Team 2.1 | O68: =IF(SUM(F68:N68)=0,"",SUM(F68:N68)) | P68: =IF(COUNTA(F68:N68)=0,"",COUNTA(F68:N68)) | S68: =SUM(V68:AA68) -> 0 | T68: =SUM(AB67:AG67) -> 0 | AH68: =IFERROR(S68/(S68+T68),"") | AO68: =SUM(AI68:AN68) -> 0 | BA68: =SUM(AU68:AZ68) -> 0 | BH68: =SUM(BB68:BG68) -> 0 | BO68: =SUM(BI68:BN68) -> 0 | BV68: =SUM(BP68:BU68) -> 0 | CC68: =SUM(BW68:CB68) -> 0 | CE68: =(AU68*20)+(AV68*40)+(AW68*40)+(AX68*80)+(AY68*60)+(AZ68*60) -> 0 | CF68: =(BB68*50)+(BC68*100)+(BD68*100)+(BE68*200)+(BF68*150)+(BG68*150) -> 0 | CG68: =(BI68*100)+(BJ68*200)+(BK68*200)+(BL68*400)+(BM68*300)+(BN68*300) -> 0 | CH68: =(BP68*150)+(BQ68*300)+(BR68*300)+(BS68*600)+(BT68*450)+(BU68*450) -> 0 | CI68: =(BW68*200)+(BX68*400)+(BY68*400)+(BZ68*800)+(CA68*600)+(CB68*600) -> 0 | CJ68: =SUM(CE68:CI68) -> 0 | CK68: =AI68*257 -> 0 | CL68: =(AJ68*514)+(AK68*514) -> 0 | CM68: =(AM68*771)+(AN68*771) -> 0 | CN68: =AL68*1028 -> 0 | CO68: =SUM(CK68:CN68) -> 0 | DP68: =IFERROR(IF(_xlfn.RANK.EQ(AQ68,$AQ$65:$AQ$68,0)=1,1,""),"") | EC68: =IF(_xlfn.RANK.EQ(CJ68,$CJ$65:$CJ$68,0)=1,1,"") -> 1 | EL68: =D68 -> 0
B69: Team 1 | C69: =A69&B69 -> Team 1 | E69: =D69&D70 | O69: =IF(SUM(F69:N69)=0,"",SUM(F69:N69)) | P69: =IF(COUNTA(F69:N69)=0,"",COUNTA(F69:N69)) | S69: =SUM(V69:AA69) -> 0 | T69: =SUM(AB70:AG70) -> 0 | AH69: =IFERROR(S69/(S69+T69),"") | AO69: =SUM(AI69:AN69) -> 0 | BA69: =SUM(AU69:AZ69) -> 0 | BH69: =SUM(BB69:BG69) -> 0 | BO69: =SUM(BI69:BN69) -> 0 | BV69: =SUM(BP69:BU69) -> 0 | CC69: =SUM(BW69:CB69) -> 0 | CE69: =(AU69*20)+(AV69*40)+(AW69*40)+(AX69*80)+(AY69*60)+(AZ69*60) -> 0 | CF69: =(BB69*50)+(BC69*100)+(BD69*100)+(BE69*200)+(BF69*150)+(BG69*150) -> 0 | CG69: =(BI69*100)+(BJ69*200)+(BK69*200)+(BL69*400)+(BM69*300)+(BN69*300) -> 0 | CH69: =(BP69*150)+(BQ69*300)+(BR69*300)+(BS69*600)+(BT69*450)+(BU69*450) -> 0 | CI69: =(BW69*200)+(BX69*400)+(BY69*400)+(BZ69*800)+(CA69*600)+(CB69*600) -> 0 | CJ69: =SUM(CE69:CI69) -> 0 | CK69: =AI69*257 -> 0 | CL69: =(AJ69*514)+(AK69*514) -> 0 | CM69: =(AM69*771)+(AN69*771) -> 0 | CN69: =AL69*1028 -> 0 | CO69: =SUM(CK69:CN69) -> 0 | DP69: =IFERROR(IF(_xlfn.RANK.EQ(AQ69,$AQ$69:$AQ$72,0)=1,1,""),"") | EC69: =IF(_xlfn.RANK.EQ(CJ69,$CJ$69:$CJ$72,0)=1,1,"") -> 1 | EL69: =D69 -> 0 | EN69: =(CJ69+CJ70)/(O69) -> #VALUE! | EO69: =IF(AND(DP69=1,O69<O71),1,"")
B70: Team 1.1 | C70: =A70&B70 -> Team 1.1 | O70: =IF(SUM(F70:N70)=0,"",SUM(F70:N70)) | P70: =IF(COUNTA(F70:N70)=0,"",COUNTA(F70:N70)) | S70: =SUM(V70:AA70) -> 0 | T70: =SUM(AB69:AG69) -> 0 | AH70: =IFERROR(S70/(S70+T70),"") | AO70: =SUM(AI70:AN70) -> 0 | BA70: =SUM(AU70:AZ70) -> 0 | BH70: =SUM(BB70:BG70) -> 0 | BO70: =SUM(BI70:BN70) -> 0 | BV70: =SUM(BP70:BU70) -> 0 | CC70: =SUM(BW70:CB70) -> 0 | CE70: =(AU70*20)+(AV70*40)+(AW70*40)+(AX70*80)+(AY70*60)+(AZ70*60) -> 0 | CF70: =(BB70*50)+(BC70*100)+(BD70*100)+(BE70*200)+(BF70*150)+(BG70*150) -> 0 | CG70: =(BI70*100)+(BJ70*200)+(BK70*200)+(BL70*400)+(BM70*300)+(BN70*300) -> 0 | CH70: =(BP70*150)+(BQ70*300)+(BR70*300)+(BS70*600)+(BT70*450)+(BU70*450) -> 0 | CI70: =(BW70*200)+(BX70*400)+(BY70*400)+(BZ70*800)+(CA70*600)+(CB70*600) -> 0 | CJ70: =SUM(CE70:CI70) -> 0 | CK70: =AI70*257 -> 0 | CL70: =(AJ70*514)+(AK70*514) -> 0 | CM70: =(AM70*771)+(AN70*771) -> 0 | CN70: =AL70*1028 -> 0 | CO70: =SUM(CK70:CN70) -> 0 | DP70: =IFERROR(IF(_xlfn.RANK.EQ(AQ70,$AQ$69:$AQ$72,0)=1,1,""),"") | EC70: =IF(_xlfn.RANK.EQ(CJ70,$CJ$69:$CJ$72,0)=1,1,"") -> 1 | EL70: =D70 -> 0
B71: Team 2 | C71: =A71&B71 -> Team 2 | E71: =D71&D72 | O71: =IF(SUM(F71:N71)=0,"",SUM(F71:N71)) | P71: =IF(COUNTA(F71:N71)=0,"",COUNTA(F71:N71)) | S71: =SUM(V71:AA71) -> 0 | T71: =SUM(AB72:AG72) -> 0 | AH71: =IFERROR(S71/(S71+T71),"") | AO71: =SUM(AI71:AN71) -> 0 | BA71: =SUM(AU71:AZ71) -> 0 | BH71: =SUM(BB71:BG71) -> 0 | BO71: =SUM(BI71:BN71) -> 0 | BV71: =SUM(BP71:BU71) -> 0 | CC71: =SUM(BW71:CB71) -> 0 | CE71: =(AU71*20)+(AV71*40)+(AW71*40)+(AX71*80)+(AY71*60)+(AZ71*60) -> 0 | CF71: =(BB71*50)+(BC71*100)+(BD71*100)+(BE71*200)+(BF71*150)+(BG71*150) -> 0 | CG71: =(BI71*100)+(BJ71*200)+(BK71*200)+(BL71*400)+(BM71*300)+(BN71*300) -> 0 | CH71: =(BP71*150)+(BQ71*300)+(BR71*300)+(BS71*600)+(BT71*450)+(BU71*450) -> 0 | CI71: =(BW71*200)+(BX71*400)+(BY71*400)+(BZ71*800)+(CA71*600)+(CB71*600) -> 0 | CJ71: =SUM(CE71:CI71) -> 0 | CK71: =AI71*257 -> 0 | CL71: =(AJ71*514)+(AK71*514) -> 0 | CM71: =(AM71*771)+(AN71*771) -> 0 | CN71: =AL71*1028 -> 0 | CO71: =SUM(CK71:CN71) -> 0 | DP71: =IFERROR(IF(_xlfn.RANK.EQ(AQ71,$AQ$69:$AQ$72,0)=1,1,""),"") | EC71: =IF(_xlfn.RANK.EQ(CJ71,$CJ$69:$CJ$72,0)=1,1,"") -> 1 | EL71: =D71 -> 0 | EN71: =(CJ71+CJ72)/(O71) -> #VALUE! | EO71: =IF(AND(DP71=1,O71<O69),1,"")
B72: Team 2.1 | C72: =A72&B72 -> Team 2.1 | O72: =IF(SUM(F72:N72)=0,"",SUM(F72:N72)) | P72: =IF(COUNTA(F72:N72)=0,"",COUNTA(F72:N72)) | S72: =SUM(V72:AA72) -> 0 | T72: =SUM(AB71:AG71) -> 0 | AH72: =IFERROR(S72/(S72+T72),"") | AO72: =SUM(AI72:AN72) -> 0 | BA72: =SUM(AU72:AZ72) -> 0 | BH72: =SUM(BB72:BG72) -> 0 | BO72: =SUM(BI72:BN72) -> 0 | BV72: =SUM(BP72:BU72) -> 0 | CC72: =SUM(BW72:CB72) -> 0 | CE72: =(AU72*20)+(AV72*40)+(AW72*40)+(AX72*80)+(AY72*60)+(AZ72*60) -> 0 | CF72: =(BB72*50)+(BC72*100)+(BD72*100)+(BE72*200)+(BF72*150)+(BG72*150) -> 0 | CG72: =(BI72*100)+(BJ72*200)+(BK72*200)+(BL72*400)+(BM72*300)+(BN72*300) -> 0 | CH72: =(BP72*150)+(BQ72*300)+(BR72*300)+(BS72*600)+(BT72*450)+(BU72*450) -> 0 | CI72: =(BW72*200)+(BX72*400)+(BY72*400)+(BZ72*800)+(CA72*600)+(CB72*600) -> 0 | CJ72: =SUM(CE72:CI72) -> 0 | CK72: =AI72*257 -> 0 | CL72: =(AJ72*514)+(AK72*514) -> 0 | CM72: =(AM72*771)+(AN72*771) -> 0 | CN72: =AL72*1028 -> 0 | CO72: =SUM(CK72:CN72) -> 0 | DP72: =IFERROR(IF(_xlfn.RANK.EQ(AQ72,$AQ$69:$AQ$72,0)=1,1,""),"") | EC72: =IF(_xlfn.RANK.EQ(CJ72,$CJ$69:$CJ$72,0)=1,1,"") -> 1 | EL72: =D72 -> 0
B73: Team 1 | C73: =A73&B73 -> Team 1 | E73: =D73&D74 | O73: =IF(SUM(F73:N73)=0,"",SUM(F73:N73)) | P73: =IF(COUNTA(F73:N73)=0,"",COUNTA(F73:N73)) | S73: =SUM(V73:AA73) -> 0 | T73: =SUM(AB74:AG74) -> 0 | AH73: =IFERROR(S73/(S73+T73),"") | AO73: =SUM(AI73:AN73) -> 0 | BA73: =SUM(AU73:AZ73) -> 0 | BH73: =SUM(BB73:BG73) -> 0 | BO73: =SUM(BI73:BN73) -> 0 | BV73: =SUM(BP73:BU73) -> 0 | CC73: =SUM(BW73:CB73) -> 0 | CE73: =(AU73*20)+(AV73*40)+(AW73*40)+(AX73*80)+(AY73*60)+(AZ73*60) -> 0 | CF73: =(BB73*50)+(BC73*100)+(BD73*100)+(BE73*200)+(BF73*150)+(BG73*150) -> 0 | CG73: =(BI73*100)+(BJ73*200)+(BK73*200)+(BL73*400)+(BM73*300)+(BN73*300) -> 0 | CH73: =(BP73*150)+(BQ73*300)+(BR73*300)+(BS73*600)+(BT73*450)+(BU73*450) -> 0 | CI73: =(BW73*200)+(BX73*400)+(BY73*400)+(BZ73*800)+(CA73*600)+(CB73*600) -> 0 | CJ73: =SUM(CE73:CI73) -> 0 | CK73: =AI73*257 -> 0 | CL73: =(AJ73*514)+(AK73*514) -> 0 | CM73: =(AM73*771)+(AN73*771) -> 0 | CN73: =AL73*1028 -> 0 | CO73: =SUM(CK73:CN73) -> 0 | DP73: =IFERROR(IF(_xlfn.RANK.EQ(AQ73,$AQ$73:$AQ$76,0)=1,1,""),"") | EC73: =IF(_xlfn.RANK.EQ(CJ73,$CJ$73:$CJ$76,0)=1,1,"") -> 1 | EL73: =D73 -> 0 | EN73: =(CJ73+CJ74)/(O73) -> #VALUE! | EO73: =IF(AND(DP73=1,O73<O75),1,"")
B74: Team 1.1 | C74: =A74&B74 -> Team 1.1 | O74: =IF(SUM(F74:N74)=0,"",SUM(F74:N74)) | P74: =IF(COUNTA(F74:N74)=0,"",COUNTA(F74:N74)) | S74: =SUM(V74:AA74) -> 0 | T74: =SUM(AB73:AG73) -> 0 | AH74: =IFERROR(S74/(S74+T74),"") | AO74: =SUM(AI74:AN74) -> 0 | BA74: =SUM(AU74:AZ74) -> 0 | BH74: =SUM(BB74:BG74) -> 0 | BO74: =SUM(BI74:BN74) -> 0 | BV74: =SUM(BP74:BU74) -> 0 | CC74: =SUM(BW74:CB74) -> 0 | CE74: =(AU74*20)+(AV74*40)+(AW74*40)+(AX74*80)+(AY74*60)+(AZ74*60) -> 0 | CF74: =(BB74*50)+(BC74*100)+(BD74*100)+(BE74*200)+(BF74*150)+(BG74*150) -> 0 | CG74: =(BI74*100)+(BJ74*200)+(BK74*200)+(BL74*400)+(BM74*300)+(BN74*300) -> 0 | CH74: =(BP74*150)+(BQ74*300)+(BR74*300)+(BS74*600)+(BT74*450)+(BU74*450) -> 0 | CI74: =(BW74*200)+(BX74*400)+(BY74*400)+(BZ74*800)+(CA74*600)+(CB74*600) -> 0 | CJ74: =SUM(CE74:CI74) -> 0 | CK74: =AI74*257 -> 0 | CL74: =(AJ74*514)+(AK74*514) -> 0 | CM74: =(AM74*771)+(AN74*771) -> 0 | CN74: =AL74*1028 -> 0 | CO74: =SUM(CK74:CN74) -> 0 | DP74: =IFERROR(IF(_xlfn.RANK.EQ(AQ74,$AQ$73:$AQ$76,0)=1,1,""),"") | EC74: =IF(_xlfn.RANK.EQ(CJ74,$CJ$73:$CJ$76,0)=1,1,"") -> 1 | EL74: =D74 -> 0
B75: Team 2 | C75: =A75&B75 -> Team 2 | E75: =D75&D76 | O75: =IF(SUM(F75:N75)=0,"",SUM(F75:N75)) | P75: =IF(COUNTA(F75:N75)=0,"",COUNTA(F75:N75)) | S75: =SUM(V75:AA75) -> 0 | T75: =SUM(AB76:AG76) -> 0 | AH75: =IFERROR(S75/(S75+T75),"") | AO75: =SUM(AI75:AN75) -> 0 | BA75: =SUM(AU75:AZ75) -> 0 | BH75: =SUM(BB75:BG75) -> 0 | BO75: =SUM(BI75:BN75) -> 0 | BV75: =SUM(BP75:BU75) -> 0 | CC75: =SUM(BW75:CB75) -> 0 | CE75: =(AU75*20)+(AV75*40)+(AW75*40)+(AX75*80)+(AY75*60)+(AZ75*60) -> 0 | CF75: =(BB75*50)+(BC75*100)+(BD75*100)+(BE75*200)+(BF75*150)+(BG75*150) -> 0 | CG75: =(BI75*100)+(BJ75*200)+(BK75*200)+(BL75*400)+(BM75*300)+(BN75*300) -> 0 | CH75: =(BP75*150)+(BQ75*300)+(BR75*300)+(BS75*600)+(BT75*450)+(BU75*450) -> 0 | CI75: =(BW75*200)+(BX75*400)+(BY75*400)+(BZ75*800)+(CA75*600)+(CB75*600) -> 0 | CJ75: =SUM(CE75:CI75) -> 0 | CK75: =AI75*257 -> 0 | CL75: =(AJ75*514)+(AK75*514) -> 0 | CM75: =(AM75*771)+(AN75*771) -> 0 | CN75: =AL75*1028 -> 0 | CO75: =SUM(CK75:CN75) -> 0 | DP75: =IFERROR(IF(_xlfn.RANK.EQ(AQ75,$AQ$73:$AQ$76,0)=1,1,""),"") | EC75: =IF(_xlfn.RANK.EQ(CJ75,$CJ$73:$CJ$76,0)=1,1,"") -> 1 | EL75: =D75 -> 0 | EN75: =(CJ75+CJ76)/(O75) -> #VALUE! | EO75: =IF(AND(DP75=1,O75<O73),1,"")
B76: Team 2.1 | C76: =A76&B76 -> Team 2.1 | O76: =IF(SUM(F76:N76)=0,"",SUM(F76:N76)) | P76: =IF(COUNTA(F76:N76)=0,"",COUNTA(F76:N76)) | S76: =SUM(V76:AA76) -> 0 | T76: =SUM(AB75:AG75) -> 0 | AH76: =IFERROR(S76/(S76+T76),"") | AO76: =SUM(AI76:AN76) -> 0 | BA76: =SUM(AU76:AZ76) -> 0 | BH76: =SUM(BB76:BG76) -> 0 | BO76: =SUM(BI76:BN76) -> 0 | BV76: =SUM(BP76:BU76) -> 0 | CC76: =SUM(BW76:CB76) -> 0 | CE76: =(AU76*20)+(AV76*40)+(AW76*40)+(AX76*80)+(AY76*60)+(AZ76*60) -> 0 | CF76: =(BB76*50)+(BC76*100)+(BD76*100)+(BE76*200)+(BF76*150)+(BG76*150) -> 0 | CG76: =(BI76*100)+(BJ76*200)+(BK76*200)+(BL76*400)+(BM76*300)+(BN76*300) -> 0 | CH76: =(BP76*150)+(BQ76*300)+(BR76*300)+(BS76*600)+(BT76*450)+(BU76*450) -> 0 | CI76: =(BW76*200)+(BX76*400)+(BY76*400)+(BZ76*800)+(CA76*600)+(CB76*600) -> 0 | CJ76: =SUM(CE76:CI76) -> 0 | CK76: =AI76*257 -> 0 | CL76: =(AJ76*514)+(AK76*514) -> 0 | CM76: =(AM76*771)+(AN76*771) -> 0 | CN76: =AL76*1028 -> 0 | CO76: =SUM(CK76:CN76) -> 0 | DP76: =IFERROR(IF(_xlfn.RANK.EQ(AQ76,$AQ$73:$AQ$76,0)=1,1,""),"") | EC76: =IF(_xlfn.RANK.EQ(CJ76,$CJ$73:$CJ$76,0)=1,1,"") -> 1 | EL76: =D76 -> 0
B77: Team 1 | C77: =A77&B77 -> Team 1 | E77: =D77&D78 | O77: =IF(SUM(F77:N77)=0,"",SUM(F77:N77)) | P77: =IF(COUNTA(F77:N77)=0,"",COUNTA(F77:N77)) | S77: =SUM(V77:AA77) -> 0 | T77: =SUM(AB78:AG78) -> 0 | AH77: =IFERROR(S77/(S77+T77),"") | AO77: =SUM(AI77:AN77) -> 0 | BA77: =SUM(AU77:AZ77) -> 0 | BH77: =SUM(BB77:BG77) -> 0 | BO77: =SUM(BI77:BN77) -> 0 | BV77: =SUM(BP77:BU77) -> 0 | CC77: =SUM(BW77:CB77) -> 0 | CE77: =(AU77*20)+(AV77*40)+(AW77*40)+(AX77*80)+(AY77*60)+(AZ77*60) -> 0 | CF77: =(BB77*50)+(BC77*100)+(BD77*100)+(BE77*200)+(BF77*150)+(BG77*150) -> 0 | CG77: =(BI77*100)+(BJ77*200)+(BK77*200)+(BL77*400)+(BM77*300)+(BN77*300) -> 0 | CH77: =(BP77*150)+(BQ77*300)+(BR77*300)+(BS77*600)+(BT77*450)+(BU77*450) -> 0 | CI77: =(BW77*200)+(BX77*400)+(BY77*400)+(BZ77*800)+(CA77*600)+(CB77*600) -> 0 | CJ77: =SUM(CE77:CI77) -> 0 | CK77: =AI77*257 -> 0 | CL77: =(AJ77*514)+(AK77*514) -> 0 | CM77: =(AM77*771)+(AN77*771) -> 0 | CN77: =AL77*1028 -> 0 | CO77: =SUM(CK77:CN77) -> 0 | DP77: =IFERROR(IF(_xlfn.RANK.EQ(AQ77,$AQ$77:$AQ$80,0)=1,1,""),"") | EC77: =IF(_xlfn.RANK.EQ(CJ77,$CJ$77:$CJ$80,0)=1,1,"") -> 1 | EL77: =D77 -> 0 | EN77: =(CJ77+CJ78)/(O77) -> #VALUE! | EO77: =IF(AND(DP77=1,O77<O79),1,"")
B78: Team 1.1 | C78: =A78&B78 -> Team 1.1 | O78: =IF(SUM(F78:N78)=0,"",SUM(F78:N78)) | P78: =IF(COUNTA(F78:N78)=0,"",COUNTA(F78:N78)) | S78: =SUM(V78:AA78) -> 0 | T78: =SUM(AB77:AG77) -> 0 | AH78: =IFERROR(S78/(S78+T78),"") | AO78: =SUM(AI78:AN78) -> 0 | BA78: =SUM(AU78:AZ78) -> 0 | BH78: =SUM(BB78:BG78) -> 0 | BO78: =SUM(BI78:BN78) -> 0 | BV78: =SUM(BP78:BU78) -> 0 | CC78: =SUM(BW78:CB78) -> 0 | CE78: =(AU78*20)+(AV78*40)+(AW78*40)+(AX78*80)+(AY78*60)+(AZ78*60) -> 0 | CF78: =(BB78*50)+(BC78*100)+(BD78*100)+(BE78*200)+(BF78*150)+(BG78*150) -> 0 | CG78: =(BI78*100)+(BJ78*200)+(BK78*200)+(BL78*400)+(BM78*300)+(BN78*300) -> 0 | CH78: =(BP78*150)+(BQ78*300)+(BR78*300)+(BS78*600)+(BT78*450)+(BU78*450) -> 0 | CI78: =(BW78*200)+(BX78*400)+(BY78*400)+(BZ78*800)+(CA78*600)+(CB78*600) -> 0 | CJ78: =SUM(CE78:CI78) -> 0 | CK78: =AI78*257 -> 0 | CL78: =(AJ78*514)+(AK78*514) -> 0 | CM78: =(AM78*771)+(AN78*771) -> 0 | CN78: =AL78*1028 -> 0 | CO78: =SUM(CK78:CN78) -> 0 | DP78: =IFERROR(IF(_xlfn.RANK.EQ(AQ78,$AQ$77:$AQ$80,0)=1,1,""),"") | EC78: =IF(_xlfn.RANK.EQ(CJ78,$CJ$77:$CJ$80,0)=1,1,"") -> 1 | EL78: =D78 -> 0
B79: Team 2 | C79: =A79&B79 -> Team 2 | E79: =D79&D80 | O79: =IF(SUM(F79:N79)=0,"",SUM(F79:N79)) | P79: =IF(COUNTA(F79:N79)=0,"",COUNTA(F79:N79)) | S79: =SUM(V79:AA79) -> 0 | T79: =SUM(AB80:AG80) -> 0 | AH79: =IFERROR(S79/(S79+T79),"") | AO79: =SUM(AI79:AN79) -> 0 | BA79: =SUM(AU79:AZ79) -> 0 | BH79: =SUM(BB79:BG79) -> 0 | BO79: =SUM(BI79:BN79) -> 0 | BV79: =SUM(BP79:BU79) -> 0 | CC79: =SUM(BW79:CB79) -> 0 | CE79: =(AU79*20)+(AV79*40)+(AW79*40)+(AX79*80)+(AY79*60)+(AZ79*60) -> 0 | CF79: =(BB79*50)+(BC79*100)+(BD79*100)+(BE79*200)+(BF79*150)+(BG79*150) -> 0 | CG79: =(BI79*100)+(BJ79*200)+(BK79*200)+(BL79*400)+(BM79*300)+(BN79*300) -> 0 | CH79: =(BP79*150)+(BQ79*300)+(BR79*300)+(BS79*600)+(BT79*450)+(BU79*450) -> 0 | CI79: =(BW79*200)+(BX79*400)+(BY79*400)+(BZ79*800)+(CA79*600)+(CB79*600) -> 0 | CJ79: =SUM(CE79:CI79) -> 0 | CK79: =AI79*257 -> 0 | CL79: =(AJ79*514)+(AK79*514) -> 0 | CM79: =(AM79*771)+(AN79*771) -> 0 | CN79: =AL79*1028 -> 0 | CO79: =SUM(CK79:CN79) -> 0 | DP79: =IFERROR(IF(_xlfn.RANK.EQ(AQ79,$AQ$77:$AQ$80,0)=1,1,""),"") | EC79: =IF(_xlfn.RANK.EQ(CJ79,$CJ$77:$CJ$80,0)=1,1,"") -> 1 | EL79: =D79 -> 0 | EN79: =(CJ79+CJ80)/(O79) -> #VALUE! | EO79: =IF(AND(DP79=1,O79<O77),1,"")
B80: Team 2.1 | C80: =A80&B80 -> Team 2.1 | O80: =IF(SUM(F80:N80)=0,"",SUM(F80:N80)) | P80: =IF(COUNTA(F80:N80)=0,"",COUNTA(F80:N80)) | S80: =SUM(V80:AA80) -> 0 | T80: =SUM(AB79:AG79) -> 0 | AH80: =IFERROR(S80/(S80+T80),"") | AO80: =SUM(AI80:AN80) -> 0 | BA80: =SUM(AU80:AZ80) -> 0 | BH80: =SUM(BB80:BG80) -> 0 | BO80: =SUM(BI80:BN80) -> 0 | BV80: =SUM(BP80:BU80) -> 0 | CC80: =SUM(BW80:CB80) -> 0 | CE80: =(AU80*20)+(AV80*40)+(AW80*40)+(AX80*80)+(AY80*60)+(AZ80*60) -> 0 | CF80: =(BB80*50)+(BC80*100)+(BD80*100)+(BE80*200)+(BF80*150)+(BG80*150) -> 0 | CG80: =(BI80*100)+(BJ80*200)+(BK80*200)+(BL80*400)+(BM80*300)+(BN80*300) -> 0 | CH80: =(BP80*150)+(BQ80*300)+(BR80*300)+(BS80*600)+(BT80*450)+(BU80*450) -> 0 | CI80: =(BW80*200)+(BX80*400)+(BY80*400)+(BZ80*800)+(CA80*600)+(CB80*600) -> 0 | CJ80: =SUM(CE80:CI80) -> 0 | CK80: =AI80*257 -> 0 | CL80: =(AJ80*514)+(AK80*514) -> 0 | CM80: =(AM80*771)+(AN80*771) -> 0 | CN80: =AL80*1028 -> 0 | CO80: =SUM(CK80:CN80) -> 0 | DP80: =IFERROR(IF(_xlfn.RANK.EQ(AQ80,$AQ$77:$AQ$80,0)=1,1,""),"") | EC80: =IF(_xlfn.RANK.EQ(CJ80,$CJ$77:$CJ$80,0)=1,1,"") -> 1 | EL80: =D80 -> 0
B81: Team 1 | C81: =A81&B81 -> Team 1 | E81: =D81&D82 | O81: =IF(SUM(F81:N81)=0,"",SUM(F81:N81)) | P81: =IF(COUNTA(F81:N81)=0,"",COUNTA(F81:N81)) | S81: =SUM(V81:AA81) -> 0 | T81: =SUM(AB82:AG82) -> 0 | AH81: =IFERROR(S81/(S81+T81),"") | AO81: =SUM(AI81:AN81) -> 0 | BA81: =SUM(AU81:AZ81) -> 0 | BH81: =SUM(BB81:BG81) -> 0 | BO81: =SUM(BI81:BN81) -> 0 | BV81: =SUM(BP81:BU81) -> 0 | CC81: =SUM(BW81:CB81) -> 0 | CE81: =(AU81*20)+(AV81*40)+(AW81*40)+(AX81*80)+(AY81*60)+(AZ81*60) -> 0 | CF81: =(BB81*50)+(BC81*100)+(BD81*100)+(BE81*200)+(BF81*150)+(BG81*150) -> 0 | CG81: =(BI81*100)+(BJ81*200)+(BK81*200)+(BL81*400)+(BM81*300)+(BN81*300) -> 0 | CH81: =(BP81*150)+(BQ81*300)+(BR81*300)+(BS81*600)+(BT81*450)+(BU81*450) -> 0 | CI81: =(BW81*200)+(BX81*400)+(BY81*400)+(BZ81*800)+(CA81*600)+(CB81*600) -> 0 | CJ81: =SUM(CE81:CI81) -> 0 | CK81: =AI81*257 -> 0 | CL81: =(AJ81*514)+(AK81*514) -> 0 | CM81: =(AM81*771)+(AN81*771) -> 0 | CN81: =AL81*1028 -> 0 | CO81: =SUM(CK81:CN81) -> 0 | DP81: =IFERROR(IF(_xlfn.RANK.EQ(AQ81,$AQ$81:$AQ$84,0)=1,1,""),"") | EC81: =IF(_xlfn.RANK.EQ(CJ81,$CJ$81:$CJ$84,0)=1,1,"") -> 1 | EL81: =D81 -> 0 | EN81: =(CJ81+CJ82)/(O81) -> #VALUE! | EO81: =IF(AND(DP81=1,O81<O83),1,"")
B82: Team 1.1 | C82: =A82&B82 -> Team 1.1 | O82: =IF(SUM(F82:N82)=0,"",SUM(F82:N82)) | P82: =IF(COUNTA(F82:N82)=0,"",COUNTA(F82:N82)) | S82: =SUM(V82:AA82) -> 0 | T82: =SUM(AB81:AG81) -> 0 | AH82: =IFERROR(S82/(S82+T82),"") | AO82: =SUM(AI82:AN82) -> 0 | BA82: =SUM(AU82:AZ82) -> 0 | BH82: =SUM(BB82:BG82) -> 0 | BO82: =SUM(BI82:BN82) -> 0 | BV82: =SUM(BP82:BU82) -> 0 | CC82: =SUM(BW82:CB82) -> 0 | CE82: =(AU82*20)+(AV82*40)+(AW82*40)+(AX82*80)+(AY82*60)+(AZ82*60) -> 0 | CF82: =(BB82*50)+(BC82*100)+(BD82*100)+(BE82*200)+(BF82*150)+(BG82*150) -> 0 | CG82: =(BI82*100)+(BJ82*200)+(BK82*200)+(BL82*400)+(BM82*300)+(BN82*300) -> 0 | CH82: =(BP82*150)+(BQ82*300)+(BR82*300)+(BS82*600)+(BT82*450)+(BU82*450) -> 0 | CI82: =(BW82*200)+(BX82*400)+(BY82*400)+(BZ82*800)+(CA82*600)+(CB82*600) -> 0 | CJ82: =SUM(CE82:CI82) -> 0 | CK82: =AI82*257 -> 0 | CL82: =(AJ82*514)+(AK82*514) -> 0 | CM82: =(AM82*771)+(AN82*771) -> 0 | CN82: =AL82*1028 -> 0 | CO82: =SUM(CK82:CN82) -> 0 | DP82: =IFERROR(IF(_xlfn.RANK.EQ(AQ82,$AQ$81:$AQ$84,0)=1,1,""),"") | EC82: =IF(_xlfn.RANK.EQ(CJ82,$CJ$81:$CJ$84,0)=1,1,"") -> 1 | EL82: =D82 -> 0
B83: Team 2 | C83: =A83&B83 -> Team 2 | E83: =D83&D84 | O83: =IF(SUM(F83:N83)=0,"",SUM(F83:N83)) | P83: =IF(COUNTA(F83:N83)=0,"",COUNTA(F83:N83)) | S83: =SUM(V83:AA83) -> 0 | T83: =SUM(AB84:AG84) -> 0 | AH83: =IFERROR(S83/(S83+T83),"") | AO83: =SUM(AI83:AN83) -> 0 | BA83: =SUM(AU83:AZ83) -> 0 | BH83: =SUM(BB83:BG83) -> 0 | BO83: =SUM(BI83:BN83) -> 0 | BV83: =SUM(BP83:BU83) -> 0 | CC83: =SUM(BW83:CB83) -> 0 | CE83: =(AU83*20)+(AV83*40)+(AW83*40)+(AX83*80)+(AY83*60)+(AZ83*60) -> 0 | CF83: =(BB83*50)+(BC83*100)+(BD83*100)+(BE83*200)+(BF83*150)+(BG83*150) -> 0 | CG83: =(BI83*100)+(BJ83*200)+(BK83*200)+(BL83*400)+(BM83*300)+(BN83*300) -> 0 | CH83: =(BP83*150)+(BQ83*300)+(BR83*300)+(BS83*600)+(BT83*450)+(BU83*450) -> 0 | CI83: =(BW83*200)+(BX83*400)+(BY83*400)+(BZ83*800)+(CA83*600)+(CB83*600) -> 0 | CJ83: =SUM(CE83:CI83) -> 0 | CK83: =AI83*257 -> 0 | CL83: =(AJ83*514)+(AK83*514) -> 0 | CM83: =(AM83*771)+(AN83*771) -> 0 | CN83: =AL83*1028 -> 0 | CO83: =SUM(CK83:CN83) -> 0 | DP83: =IFERROR(IF(_xlfn.RANK.EQ(AQ83,$AQ$81:$AQ$84,0)=1,1,""),"") | EC83: =IF(_xlfn.RANK.EQ(CJ83,$CJ$81:$CJ$84,0)=1,1,"") -> 1 | EL83: =D83 -> 0 | EN83: =(CJ83+CJ84)/(O83) -> #VALUE! | EO83: =IF(AND(DP83=1,O83<O81),1,"")
B84: Team 2.1 | C84: =A84&B84 -> Team 2.1 | O84: =IF(SUM(F84:N84)=0,"",SUM(F84:N84)) | P84: =IF(COUNTA(F84:N84)=0,"",COUNTA(F84:N84)) | S84: =SUM(V84:AA84) -> 0 | T84: =SUM(AB83:AG83) -> 0 | AH84: =IFERROR(S84/(S84+T84),"") | AO84: =SUM(AI84:AN84) -> 0 | BA84: =SUM(AU84:AZ84) -> 0 | BH84: =SUM(BB84:BG84) -> 0 | BO84: =SUM(BI84:BN84) -> 0 | BV84: =SUM(BP84:BU84) -> 0 | CC84: =SUM(BW84:CB84) -> 0 | CE84: =(AU84*20)+(AV84*40)+(AW84*40)+(AX84*80)+(AY84*60)+(AZ84*60) -> 0 | CF84: =(BB84*50)+(BC84*100)+(BD84*100)+(BE84*200)+(BF84*150)+(BG84*150) -> 0 | CG84: =(BI84*100)+(BJ84*200)+(BK84*200)+(BL84*400)+(BM84*300)+(BN84*300) -> 0 | CH84: =(BP84*150)+(BQ84*300)+(BR84*300)+(BS84*600)+(BT84*450)+(BU84*450) -> 0 | CI84: =(BW84*200)+(BX84*400)+(BY84*400)+(BZ84*800)+(CA84*600)+(CB84*600) -> 0 | CJ84: =SUM(CE84:CI84) -> 0 | CK84: =AI84*257 -> 0 | CL84: =(AJ84*514)+(AK84*514) -> 0 | CM84: =(AM84*771)+(AN84*771) -> 0 | CN84: =AL84*1028 -> 0 | CO84: =SUM(CK84:CN84) -> 0 | DP84: =IFERROR(IF(_xlfn.RANK.EQ(AQ84,$AQ$81:$AQ$84,0)=1,1,""),"") | EC84: =IF(_xlfn.RANK.EQ(CJ84,$CJ$81:$CJ$84,0)=1,1,"") -> 1 | EL84: =D84 -> 0
B85: Team 1 | C85: =A85&B85 -> Team 1 | E85: =D85&D86 | O85: =IF(SUM(F85:N85)=0,"",SUM(F85:N85)) | P85: =IF(COUNTA(F85:N85)=0,"",COUNTA(F85:N85)) | S85: =SUM(V85:AA85) -> 0 | T85: =SUM(AB86:AG86) -> 0 | AH85: =IFERROR(S85/(S85+T85),"") | AO85: =SUM(AI85:AN85) -> 0 | BA85: =SUM(AU85:AZ85) -> 0 | BH85: =SUM(BB85:BG85) -> 0 | BO85: =SUM(BI85:BN85) -> 0 | BV85: =SUM(BP85:BU85) -> 0 | CC85: =SUM(BW85:CB85) -> 0 | CE85: =(AU85*20)+(AV85*40)+(AW85*40)+(AX85*80)+(AY85*60)+(AZ85*60) -> 0 | CF85: =(BB85*50)+(BC85*100)+(BD85*100)+(BE85*200)+(BF85*150)+(BG85*150) -> 0 | CG85: =(BI85*100)+(BJ85*200)+(BK85*200)+(BL85*400)+(BM85*300)+(BN85*300) -> 0 | CH85: =(BP85*150)+(BQ85*300)+(BR85*300)+(BS85*600)+(BT85*450)+(BU85*450) -> 0 | CI85: =(BW85*200)+(BX85*400)+(BY85*400)+(BZ85*800)+(CA85*600)+(CB85*600) -> 0 | CJ85: =SUM(CE85:CI85) -> 0 | CK85: =AI85*257 -> 0 | CL85: =(AJ85*514)+(AK85*514) -> 0 | CM85: =(AM85*771)+(AN85*771) -> 0 | CN85: =AL85*1028 -> 0 | CO85: =SUM(CK85:CN85) -> 0 | DP85: =IFERROR(IF(_xlfn.RANK.EQ(AQ85,$AQ$85:$AQ$88,0)=1,1,""),"") | EC85: =IF(_xlfn.RANK.EQ(CJ85,$CJ$85:$CJ$88,0)=1,1,"") -> 1 | EL85: =D85 -> 0 | EN85: =(CJ85+CJ86)/(O85) -> #VALUE! | EO85: =IF(AND(DP85=1,O85<O87),1,"")
B86: Team 1.1 | C86: =A86&B86 -> Team 1.1 | O86: =IF(SUM(F86:N86)=0,"",SUM(F86:N86)) | P86: =IF(COUNTA(F86:N86)=0,"",COUNTA(F86:N86)) | S86: =SUM(V86:AA86) -> 0 | T86: =SUM(AB85:AG85) -> 0 | AH86: =IFERROR(S86/(S86+T86),"") | AO86: =SUM(AI86:AN86) -> 0 | BA86: =SUM(AU86:AZ86) -> 0 | BH86: =SUM(BB86:BG86) -> 0 | BO86: =SUM(BI86:BN86) -> 0 | BV86: =SUM(BP86:BU86) -> 0 | CC86: =SUM(BW86:CB86) -> 0 | CE86: =(AU86*20)+(AV86*40)+(AW86*40)+(AX86*80)+(AY86*60)+(AZ86*60) -> 0 | CF86: =(BB86*50)+(BC86*100)+(BD86*100)+(BE86*200)+(BF86*150)+(BG86*150) -> 0 | CG86: =(BI86*100)+(BJ86*200)+(BK86*200)+(BL86*400)+(BM86*300)+(BN86*300) -> 0 | CH86: =(BP86*150)+(BQ86*300)+(BR86*300)+(BS86*600)+(BT86*450)+(BU86*450) -> 0 | CI86: =(BW86*200)+(BX86*400)+(BY86*400)+(BZ86*800)+(CA86*600)+(CB86*600) -> 0 | CJ86: =SUM(CE86:CI86) -> 0 | CK86: =AI86*257 -> 0 | CL86: =(AJ86*514)+(AK86*514) -> 0 | CM86: =(AM86*771)+(AN86*771) -> 0 | CN86: =AL86*1028 -> 0 | CO86: =SUM(CK86:CN86) -> 0 | DP86: =IFERROR(IF(_xlfn.RANK.EQ(AQ86,$AQ$85:$AQ$88,0)=1,1,""),"") | EC86: =IF(_xlfn.RANK.EQ(CJ86,$CJ$85:$CJ$88,0)=1,1,"") -> 1 | EL86: =D86 -> 0
B87: Team 2 | C87: =A87&B87 -> Team 2 | E87: =D87&D88 | O87: =IF(SUM(F87:N87)=0,"",SUM(F87:N87)) | P87: =IF(COUNTA(F87:N87)=0,"",COUNTA(F87:N87)) | S87: =SUM(V87:AA87) -> 0 | T87: =SUM(AB88:AG88) -> 0 | AH87: =IFERROR(S87/(S87+T87),"") | AO87: =SUM(AI87:AN87) -> 0 | BA87: =SUM(AU87:AZ87) -> 0 | BH87: =SUM(BB87:BG87) -> 0 | BO87: =SUM(BI87:BN87) -> 0 | BV87: =SUM(BP87:BU87) -> 0 | CC87: =SUM(BW87:CB87) -> 0 | CE87: =(AU87*20)+(AV87*40)+(AW87*40)+(AX87*80)+(AY87*60)+(AZ87*60) -> 0 | CF87: =(BB87*50)+(BC87*100)+(BD87*100)+(BE87*200)+(BF87*150)+(BG87*150) -> 0 | CG87: =(BI87*100)+(BJ87*200)+(BK87*200)+(BL87*400)+(BM87*300)+(BN87*300) -> 0 | CH87: =(BP87*150)+(BQ87*300)+(BR87*300)+(BS87*600)+(BT87*450)+(BU87*450) -> 0 | CI87: =(BW87*200)+(BX87*400)+(BY87*400)+(BZ87*800)+(CA87*600)+(CB87*600) -> 0 | CJ87: =SUM(CE87:CI87) -> 0 | CK87: =AI87*257 -> 0 | CL87: =(AJ87*514)+(AK87*514) -> 0 | CM87: =(AM87*771)+(AN87*771) -> 0 | CN87: =AL87*1028 -> 0 | CO87: =SUM(CK87:CN87) -> 0 | DP87: =IFERROR(IF(_xlfn.RANK.EQ(AQ87,$AQ$85:$AQ$88,0)=1,1,""),"") | EC87: =IF(_xlfn.RANK.EQ(CJ87,$CJ$85:$CJ$88,0)=1,1,"") -> 1 | EL87: =D87 -> 0 | EN87: =(CJ87+CJ88)/(O87) -> #VALUE! | EO87: =IF(AND(DP87=1,O87<O85),1,"")
B88: Team 2.1 | C88: =A88&B88 -> Team 2.1 | O88: =IF(SUM(F88:N88)=0,"",SUM(F88:N88)) | P88: =IF(COUNTA(F88:N88)=0,"",COUNTA(F88:N88)) | S88: =SUM(V88:AA88) -> 0 | T88: =SUM(AB87:AG87) -> 0 | AH88: =IFERROR(S88/(S88+T88),"") | AO88: =SUM(AI88:AN88) -> 0 | BA88: =SUM(AU88:AZ88) -> 0 | BH88: =SUM(BB88:BG88) -> 0 | BO88: =SUM(BI88:BN88) -> 0 | BV88: =SUM(BP88:BU88) -> 0 | CC88: =SUM(BW88:CB88) -> 0 | CE88: =(AU88*20)+(AV88*40)+(AW88*40)+(AX88*80)+(AY88*60)+(AZ88*60) -> 0 | CF88: =(BB88*50)+(BC88*100)+(BD88*100)+(BE88*200)+(BF88*150)+(BG88*150) -> 0 | CG88: =(BI88*100)+(BJ88*200)+(BK88*200)+(BL88*400)+(BM88*300)+(BN88*300) -> 0 | CH88: =(BP88*150)+(BQ88*300)+(BR88*300)+(BS88*600)+(BT88*450)+(BU88*450) -> 0 | CI88: =(BW88*200)+(BX88*400)+(BY88*400)+(BZ88*800)+(CA88*600)+(CB88*600) -> 0 | CJ88: =SUM(CE88:CI88) -> 0 | CK88: =AI88*257 -> 0 | CL88: =(AJ88*514)+(AK88*514) -> 0 | CM88: =(AM88*771)+(AN88*771) -> 0 | CN88: =AL88*1028 -> 0 | CO88: =SUM(CK88:CN88) -> 0 | DP88: =IFERROR(IF(_xlfn.RANK.EQ(AQ88,$AQ$85:$AQ$88,0)=1,1,""),"") | EC88: =IF(_xlfn.RANK.EQ(CJ88,$CJ$85:$CJ$88,0)=1,1,"") -> 1 | EL88: =D88 -> 0
B89: Team 1 | C89: =A89&B89 -> Team 1 | E89: =D89&D90 | O89: =IF(SUM(F89:N89)=0,"",SUM(F89:N89)) | P89: =IF(COUNTA(F89:N89)=0,"",COUNTA(F89:N89)) | S89: =SUM(V89:AA89) -> 0 | T89: =SUM(AB90:AG90) -> 0 | AH89: =IFERROR(S89/(S89+T89),"") | AO89: =SUM(AI89:AN89) -> 0 | BA89: =SUM(AU89:AZ89) -> 0 | BH89: =SUM(BB89:BG89) -> 0 | BO89: =SUM(BI89:BN89) -> 0 | BV89: =SUM(BP89:BU89) -> 0 | CC89: =SUM(BW89:CB89) -> 0 | CE89: =(AU89*20)+(AV89*40)+(AW89*40)+(AX89*80)+(AY89*60)+(AZ89*60) -> 0 | CF89: =(BB89*50)+(BC89*100)+(BD89*100)+(BE89*200)+(BF89*150)+(BG89*150) -> 0 | CG89: =(BI89*100)+(BJ89*200)+(BK89*200)+(BL89*400)+(BM89*300)+(BN89*300) -> 0 | CH89: =(BP89*150)+(BQ89*300)+(BR89*300)+(BS89*600)+(BT89*450)+(BU89*450) -> 0 | CI89: =(BW89*200)+(BX89*400)+(BY89*400)+(BZ89*800)+(CA89*600)+(CB89*600) -> 0 | CJ89: =SUM(CE89:CI89) -> 0 | CK89: =AI89*257 -> 0 | CL89: =(AJ89*514)+(AK89*514) -> 0 | CM89: =(AM89*771)+(AN89*771) -> 0 | CN89: =AL89*1028 -> 0 | CO89: =SUM(CK89:CN89) -> 0 | DP89: =IFERROR(IF(_xlfn.RANK.EQ(AQ89,$AQ$89:$AQ$92,0)=1,1,""),"") | EC89: =IF(_xlfn.RANK.EQ(CJ89,$CJ$89:$CJ$92,0)=1,1,"") -> 1 | EL89: =D89 -> 0 | EN89: =(CJ89+CJ90)/(O89) -> #VALUE! | EO89: =IF(AND(DP89=1,O89<O91),1,"")
B90: Team 1.1 | C90: =A90&B90 -> Team 1.1 | O90: =IF(SUM(F90:N90)=0,"",SUM(F90:N90)) | P90: =IF(COUNTA(F90:N90)=0,"",COUNTA(F90:N90)) | S90: =SUM(V90:AA90) -> 0 | T90: =SUM(AB89:AG89) -> 0 | AH90: =IFERROR(S90/(S90+T90),"") | AO90: =SUM(AI90:AN90) -> 0 | BA90: =SUM(AU90:AZ90) -> 0 | BH90: =SUM(BB90:BG90) -> 0 | BO90: =SUM(BI90:BN90) -> 0 | BV90: =SUM(BP90:BU90) -> 0 | CC90: =SUM(BW90:CB90) -> 0 | CE90: =(AU90*20)+(AV90*40)+(AW90*40)+(AX90*80)+(AY90*60)+(AZ90*60) -> 0 | CF90: =(BB90*50)+(BC90*100)+(BD90*100)+(BE90*200)+(BF90*150)+(BG90*150) -> 0 | CG90: =(BI90*100)+(BJ90*200)+(BK90*200)+(BL90*400)+(BM90*300)+(BN90*300) -> 0 | CH90: =(BP90*150)+(BQ90*300)+(BR90*300)+(BS90*600)+(BT90*450)+(BU90*450) -> 0 | CI90: =(BW90*200)+(BX90*400)+(BY90*400)+(BZ90*800)+(CA90*600)+(CB90*600) -> 0 | CJ90: =SUM(CE90:CI90) -> 0 | CK90: =AI90*257 -> 0 | CL90: =(AJ90*514)+(AK90*514) -> 0 | CM90: =(AM90*771)+(AN90*771) -> 0 | CN90: =AL90*1028 -> 0 | CO90: =SUM(CK90:CN90) -> 0 | DP90: =IFERROR(IF(_xlfn.RANK.EQ(AQ90,$AQ$89:$AQ$92,0)=1,1,""),"") | EC90: =IF(_xlfn.RANK.EQ(CJ90,$CJ$89:$CJ$92,0)=1,1,"") -> 1 | EL90: =D90 -> 0
B91: Team 2 | C91: =A91&B91 -> Team 2 | E91: =D91&D92 | O91: =IF(SUM(F91:N91)=0,"",SUM(F91:N91)) | P91: =IF(COUNTA(F91:N91)=0,"",COUNTA(F91:N91)) | S91: =SUM(V91:AA91) -> 0 | T91: =SUM(AB92:AG92) -> 0 | AH91: =IFERROR(S91/(S91+T91),"") | AO91: =SUM(AI91:AN91) -> 0 | BA91: =SUM(AU91:AZ91) -> 0 | BH91: =SUM(BB91:BG91) -> 0 | BO91: =SUM(BI91:BN91) -> 0 | BV91: =SUM(BP91:BU91) -> 0 | CC91: =SUM(BW91:CB91) -> 0 | CE91: =(AU91*20)+(AV91*40)+(AW91*40)+(AX91*80)+(AY91*60)+(AZ91*60) -> 0 | CF91: =(BB91*50)+(BC91*100)+(BD91*100)+(BE91*200)+(BF91*150)+(BG91*150) -> 0 | CG91: =(BI91*100)+(BJ91*200)+(BK91*200)+(BL91*400)+(BM91*300)+(BN91*300) -> 0 | CH91: =(BP91*150)+(BQ91*300)+(BR91*300)+(BS91*600)+(BT91*450)+(BU91*450) -> 0 | CI91: =(BW91*200)+(BX91*400)+(BY91*400)+(BZ91*800)+(CA91*600)+(CB91*600) -> 0 | CJ91: =SUM(CE91:CI91) -> 0 | CK91: =AI91*257 -> 0 | CL91: =(AJ91*514)+(AK91*514) -> 0 | CM91: =(AM91*771)+(AN91*771) -> 0 | CN91: =AL91*1028 -> 0 | CO91: =SUM(CK91:CN91) -> 0 | DP91: =IFERROR(IF(_xlfn.RANK.EQ(AQ91,$AQ$89:$AQ$92,0)=1,1,""),"") | EC91: =IF(_xlfn.RANK.EQ(CJ91,$CJ$89:$CJ$92,0)=1,1,"") -> 1 | EL91: =D91 -> 0 | EN91: =(CJ91+CJ92)/(O91) -> #VALUE! | EO91: =IF(AND(DP91=1,O91<O89),1,"")
B92: Team 2.1 | C92: =A92&B92 -> Team 2.1 | O92: =IF(SUM(F92:N92)=0,"",SUM(F92:N92)) | P92: =IF(COUNTA(F92:N92)=0,"",COUNTA(F92:N92)) | S92: =SUM(V92:AA92) -> 0 | T92: =SUM(AB91:AG91) -> 0 | AH92: =IFERROR(S92/(S92+T92),"") | AO92: =SUM(AI92:AN92) -> 0 | BA92: =SUM(AU92:AZ92) -> 0 | BH92: =SUM(BB92:BG92) -> 0 | BO92: =SUM(BI92:BN92) -> 0 | BV92: =SUM(BP92:BU92) -> 0 | CC92: =SUM(BW92:CB92) -> 0 | CE92: =(AU92*20)+(AV92*40)+(AW92*40)+(AX92*80)+(AY92*60)+(AZ92*60) -> 0 | CF92: =(BB92*50)+(BC92*100)+(BD92*100)+(BE92*200)+(BF92*150)+(BG92*150) -> 0 | CG92: =(BI92*100)+(BJ92*200)+(BK92*200)+(BL92*400)+(BM92*300)+(BN92*300) -> 0 | CH92: =(BP92*150)+(BQ92*300)+(BR92*300)+(BS92*600)+(BT92*450)+(BU92*450) -> 0 | CI92: =(BW92*200)+(BX92*400)+(BY92*400)+(BZ92*800)+(CA92*600)+(CB92*600) -> 0 | CJ92: =SUM(CE92:CI92) -> 0 | CK92: =AI92*257 -> 0 | CL92: =(AJ92*514)+(AK92*514) -> 0 | CM92: =(AM92*771)+(AN92*771) -> 0 | CN92: =AL92*1028 -> 0 | CO92: =SUM(CK92:CN92) -> 0 | DP92: =IFERROR(IF(_xlfn.RANK.EQ(AQ92,$AQ$89:$AQ$92,0)=1,1,""),"") | EC92: =IF(_xlfn.RANK.EQ(CJ92,$CJ$89:$CJ$92,0)=1,1,"") -> 1 | EL92: =D92 -> 0
B93: Team 1 | C93: =A93&B93 -> Team 1 | E93: =D93&D94 | O93: =IF(SUM(F93:N93)=0,"",SUM(F93:N93)) | P93: =IF(COUNTA(F93:N93)=0,"",COUNTA(F93:N93)) | S93: =SUM(V93:AA93) -> 0 | T93: =SUM(AB94:AG94) -> 0 | AH93: =IFERROR(S93/(S93+T93),"") | AO93: =SUM(AI93:AN93) -> 0 | BA93: =SUM(AU93:AZ93) -> 0 | BH93: =SUM(BB93:BG93) -> 0 | BO93: =SUM(BI93:BN93) -> 0 | BV93: =SUM(BP93:BU93) -> 0 | CC93: =SUM(BW93:CB93) -> 0 | CE93: =(AU93*20)+(AV93*40)+(AW93*40)+(AX93*80)+(AY93*60)+(AZ93*60) -> 0 | CF93: =(BB93*50)+(BC93*100)+(BD93*100)+(BE93*200)+(BF93*150)+(BG93*150) -> 0 | CG93: =(BI93*100)+(BJ93*200)+(BK93*200)+(BL93*400)+(BM93*300)+(BN93*300) -> 0 | CH93: =(BP93*150)+(BQ93*300)+(BR93*300)+(BS93*600)+(BT93*450)+(BU93*450) -> 0 | CI93: =(BW93*200)+(BX93*400)+(BY93*400)+(BZ93*800)+(CA93*600)+(CB93*600) -> 0 | CJ93: =SUM(CE93:CI93) -> 0 | CK93: =AI93*257 -> 0 | CL93: =(AJ93*514)+(AK93*514) -> 0 | CM93: =(AM93*771)+(AN93*771) -> 0 | CN93: =AL93*1028 -> 0 | CO93: =SUM(CK93:CN93) -> 0 | DP93: =IFERROR(IF(_xlfn.RANK.EQ(AQ93,$AQ$93:$AQ$96,0)=1,1,""),"") | EC93: =IF(_xlfn.RANK.EQ(CJ93,$CJ$93:$CJ$96,0)=1,1,"") -> 1 | EL93: =D93 -> 0 | EN93: =(CJ93+CJ94)/(O93) -> #VALUE! | EO93: =IF(AND(DP93=1,O93<O95),1,"")
B94: Team 1.1 | C94: =A94&B94 -> Team 1.1 | O94: =IF(SUM(F94:N94)=0,"",SUM(F94:N94)) | P94: =IF(COUNTA(F94:N94)=0,"",COUNTA(F94:N94)) | S94: =SUM(V94:AA94) -> 0 | T94: =SUM(AB93:AG93) -> 0 | AH94: =IFERROR(S94/(S94+T94),"") | AO94: =SUM(AI94:AN94) -> 0 | BA94: =SUM(AU94:AZ94) -> 0 | BH94: =SUM(BB94:BG94) -> 0 | BO94: =SUM(BI94:BN94) -> 0 | BV94: =SUM(BP94:BU94) -> 0 | CC94: =SUM(BW94:CB94) -> 0 | CE94: =(AU94*20)+(AV94*40)+(AW94*40)+(AX94*80)+(AY94*60)+(AZ94*60) -> 0 | CF94: =(BB94*50)+(BC94*100)+(BD94*100)+(BE94*200)+(BF94*150)+(BG94*150) -> 0 | CG94: =(BI94*100)+(BJ94*200)+(BK94*200)+(BL94*400)+(BM94*300)+(BN94*300) -> 0 | CH94: =(BP94*150)+(BQ94*300)+(BR94*300)+(BS94*600)+(BT94*450)+(BU94*450) -> 0 | CI94: =(BW94*200)+(BX94*400)+(BY94*400)+(BZ94*800)+(CA94*600)+(CB94*600) -> 0 | CJ94: =SUM(CE94:CI94) -> 0 | CK94: =AI94*257 -> 0 | CL94: =(AJ94*514)+(AK94*514) -> 0 | CM94: =(AM94*771)+(AN94*771) -> 0 | CN94: =AL94*1028 -> 0 | CO94: =SUM(CK94:CN94) -> 0 | DP94: =IFERROR(IF(_xlfn.RANK.EQ(AQ94,$AQ$93:$AQ$96,0)=1,1,""),"") | EC94: =IF(_xlfn.RANK.EQ(CJ94,$CJ$93:$CJ$96,0)=1,1,"") -> 1 | EL94: =D94 -> 0
B95: Team 2 | C95: =A95&B95 -> Team 2 | E95: =D95&D96 | O95: =IF(SUM(F95:N95)=0,"",SUM(F95:N95)) | P95: =IF(COUNTA(F95:N95)=0,"",COUNTA(F95:N95)) | S95: =SUM(V95:AA95) -> 0 | T95: =SUM(AB96:AG96) -> 0 | AH95: =IFERROR(S95/(S95+T95),"") | AO95: =SUM(AI95:AN95) -> 0 | BA95: =SUM(AU95:AZ95) -> 0 | BH95: =SUM(BB95:BG95) -> 0 | BO95: =SUM(BI95:BN95) -> 0 | BV95: =SUM(BP95:BU95) -> 0 | CC95: =SUM(BW95:CB95) -> 0 | CE95: =(AU95*20)+(AV95*40)+(AW95*40)+(AX95*80)+(AY95*60)+(AZ95*60) -> 0 | CF95: =(BB95*50)+(BC95*100)+(BD95*100)+(BE95*200)+(BF95*150)+(BG95*150) -> 0 | CG95: =(BI95*100)+(BJ95*200)+(BK95*200)+(BL95*400)+(BM95*300)+(BN95*300) -> 0 | CH95: =(BP95*150)+(BQ95*300)+(BR95*300)+(BS95*600)+(BT95*450)+(BU95*450) -> 0 | CI95: =(BW95*200)+(BX95*400)+(BY95*400)+(BZ95*800)+(CA95*600)+(CB95*600) -> 0 | CJ95: =SUM(CE95:CI95) -> 0 | CK95: =AI95*257 -> 0 | CL95: =(AJ95*514)+(AK95*514) -> 0 | CM95: =(AM95*771)+(AN95*771) -> 0 | CN95: =AL95*1028 -> 0 | CO95: =SUM(CK95:CN95) -> 0 | DP95: =IFERROR(IF(_xlfn.RANK.EQ(AQ95,$AQ$93:$AQ$96,0)=1,1,""),"") | EC95: =IF(_xlfn.RANK.EQ(CJ95,$CJ$93:$CJ$96,0)=1,1,"") -> 1 | EL95: =D95 -> 0 | EN95: =(CJ95+CJ96)/(O95) -> #VALUE! | EO95: =IF(AND(DP95=1,O95<O93),1,"")
B96: Team 2.1 | C96: =A96&B96 -> Team 2.1 | O96: =IF(SUM(F96:N96)=0,"",SUM(F96:N96)) | P96: =IF(COUNTA(F96:N96)=0,"",COUNTA(F96:N96)) | S96: =SUM(V96:AA96) -> 0 | T96: =SUM(AB95:AG95) -> 0 | AH96: =IFERROR(S96/(S96+T96),"") | AO96: =SUM(AI96:AN96) -> 0 | BA96: =SUM(AU96:AZ96) -> 0 | BH96: =SUM(BB96:BG96) -> 0 | BO96: =SUM(BI96:BN96) -> 0 | BV96: =SUM(BP96:BU96) -> 0 | CC96: =SUM(BW96:CB96) -> 0 | CE96: =(AU96*20)+(AV96*40)+(AW96*40)+(AX96*80)+(AY96*60)+(AZ96*60) -> 0 | CF96: =(BB96*50)+(BC96*100)+(BD96*100)+(BE96*200)+(BF96*150)+(BG96*150) -> 0 | CG96: =(BI96*100)+(BJ96*200)+(BK96*200)+(BL96*400)+(BM96*300)+(BN96*300) -> 0 | CH96: =(BP96*150)+(BQ96*300)+(BR96*300)+(BS96*600)+(BT96*450)+(BU96*450) -> 0 | CI96: =(BW96*200)+(BX96*400)+(BY96*400)+(BZ96*800)+(CA96*600)+(CB96*600) -> 0 | CJ96: =SUM(CE96:CI96) -> 0 | CK96: =AI96*257 -> 0 | CL96: =(AJ96*514)+(AK96*514) -> 0 | CM96: =(AM96*771)+(AN96*771) -> 0 | CN96: =AL96*1028 -> 0 | CO96: =SUM(CK96:CN96) -> 0 | DP96: =IFERROR(IF(_xlfn.RANK.EQ(AQ96,$AQ$93:$AQ$96,0)=1,1,""),"") | EC96: =IF(_xlfn.RANK.EQ(CJ96,$CJ$93:$CJ$96,0)=1,1,"") -> 1 | EL96: =D96 -> 0
B97: Team 1 | C97: =A97&B97 -> Team 1 | E97: =D97&D98 | O97: =IF(SUM(F97:N97)=0,"",SUM(F97:N97)) | P97: =IF(COUNTA(F97:N97)=0,"",COUNTA(F97:N97)) | S97: =SUM(V97:AA97) -> 0 | T97: =SUM(AB98:AG98) -> 0 | AH97: =IFERROR(S97/(S97+T97),"") | AO97: =SUM(AI97:AN97) -> 0 | BA97: =SUM(AU97:AZ97) -> 0 | BH97: =SUM(BB97:BG97) -> 0 | BO97: =SUM(BI97:BN97) -> 0 | BV97: =SUM(BP97:BU97) -> 0 | CC97: =SUM(BW97:CB97) -> 0 | CE97: =(AU97*20)+(AV97*40)+(AW97*40)+(AX97*80)+(AY97*60)+(AZ97*60) -> 0 | CF97: =(BB97*50)+(BC97*100)+(BD97*100)+(BE97*200)+(BF97*150)+(BG97*150) -> 0 | CG97: =(BI97*100)+(BJ97*200)+(BK97*200)+(BL97*400)+(BM97*300)+(BN97*300) -> 0 | CH97: =(BP97*150)+(BQ97*300)+(BR97*300)+(BS97*600)+(BT97*450)+(BU97*450) -> 0 | CI97: =(BW97*200)+(BX97*400)+(BY97*400)+(BZ97*800)+(CA97*600)+(CB97*600) -> 0 | CJ97: =SUM(CE97:CI97) -> 0 | CK97: =AI97*257 -> 0 | CL97: =(AJ97*514)+(AK97*514) -> 0 | CM97: =(AM97*771)+(AN97*771) -> 0 | CN97: =AL97*1028 -> 0 | CO97: =SUM(CK97:CN97) -> 0 | DP97: =IFERROR(IF(_xlfn.RANK.EQ(AQ97,$AQ$97:$AQ$100,0)=1,1,""),"") | EC97: =IF(_xlfn.RANK.EQ(CJ97,$CJ$97:$CJ$100,0)=1,1,"") -> 1 | EL97: =D97 -> 0 | EN97: =(CJ97+CJ98)/(O97) -> #VALUE! | EO97: =IF(AND(DP97=1,O97<O99),1,"")
B98: Team 1.1 | C98: =A98&B98 -> Team 1.1 | O98: =IF(SUM(F98:N98)=0,"",SUM(F98:N98)) | P98: =IF(COUNTA(F98:N98)=0,"",COUNTA(F98:N98)) | S98: =SUM(V98:AA98) -> 0 | T98: =SUM(AB97:AG97) -> 0 | AH98: =IFERROR(S98/(S98+T98),"") | AO98: =SUM(AI98:AN98) -> 0 | BA98: =SUM(AU98:AZ98) -> 0 | BH98: =SUM(BB98:BG98) -> 0 | BO98: =SUM(BI98:BN98) -> 0 | BV98: =SUM(BP98:BU98) -> 0 | CC98: =SUM(BW98:CB98) -> 0 | CE98: =(AU98*20)+(AV98*40)+(AW98*40)+(AX98*80)+(AY98*60)+(AZ98*60) -> 0 | CF98: =(BB98*50)+(BC98*100)+(BD98*100)+(BE98*200)+(BF98*150)+(BG98*150) -> 0 | CG98: =(BI98*100)+(BJ98*200)+(BK98*200)+(BL98*400)+(BM98*300)+(BN98*300) -> 0 | CH98: =(BP98*150)+(BQ98*300)+(BR98*300)+(BS98*600)+(BT98*450)+(BU98*450) -> 0 | CI98: =(BW98*200)+(BX98*400)+(BY98*400)+(BZ98*800)+(CA98*600)+(CB98*600) -> 0 | CJ98: =SUM(CE98:CI98) -> 0 | CK98: =AI98*257 -> 0 | CL98: =(AJ98*514)+(AK98*514) -> 0 | CM98: =(AM98*771)+(AN98*771) -> 0 | CN98: =AL98*1028 -> 0 | CO98: =SUM(CK98:CN98) -> 0 | DP98: =IFERROR(IF(_xlfn.RANK.EQ(AQ98,$AQ$97:$AQ$100,0)=1,1,""),"") | EC98: =IF(_xlfn.RANK.EQ(CJ98,$CJ$97:$CJ$100,0)=1,1,"") -> 1 | EL98: =D98 -> 0
B99: Team 2 | C99: =A99&B99 -> Team 2 | E99: =D99&D100 | O99: =IF(SUM(F99:N99)=0,"",SUM(F99:N99)) | P99: =IF(COUNTA(F99:N99)=0,"",COUNTA(F99:N99)) | S99: =SUM(V99:AA99) -> 0 | T99: =SUM(AB100:AG100) -> 0 | AH99: =IFERROR(S99/(S99+T99),"") | AO99: =SUM(AI99:AN99) -> 0 | BA99: =SUM(AU99:AZ99) -> 0 | BH99: =SUM(BB99:BG99) -> 0 | BO99: =SUM(BI99:BN99) -> 0 | BV99: =SUM(BP99:BU99) -> 0 | CC99: =SUM(BW99:CB99) -> 0 | CE99: =(AU99*20)+(AV99*40)+(AW99*40)+(AX99*80)+(AY99*60)+(AZ99*60) -> 0 | CF99: =(BB99*50)+(BC99*100)+(BD99*100)+(BE99*200)+(BF99*150)+(BG99*150) -> 0 | CG99: =(BI99*100)+(BJ99*200)+(BK99*200)+(BL99*400)+(BM99*300)+(BN99*300) -> 0 | CH99: =(BP99*150)+(BQ99*300)+(BR99*300)+(BS99*600)+(BT99*450)+(BU99*450) -> 0 | CI99: =(BW99*200)+(BX99*400)+(BY99*400)+(BZ99*800)+(CA99*600)+(CB99*600) -> 0 | CJ99: =SUM(CE99:CI99) -> 0 | CK99: =AI99*257 -> 0 | CL99: =(AJ99*514)+(AK99*514) -> 0 | CM99: =(AM99*771)+(AN99*771) -> 0 | CN99: =AL99*1028 -> 0 | CO99: =SUM(CK99:CN99) -> 0 | DP99: =IFERROR(IF(_xlfn.RANK.EQ(AQ99,$AQ$97:$AQ$100,0)=1,1,""),"") | EC99: =IF(_xlfn.RANK.EQ(CJ99,$CJ$97:$CJ$100,0)=1,1,"") -> 1 | EL99: =D99 -> 0 | EN99: =(CJ99+CJ100)/(O99) -> #VALUE! | EO99: =IF(AND(DP99=1,O99<O97),1,"")
B100: Team 2.1 | C100: =A100&B100 -> Team 2.1 | O100: =IF(SUM(F100:N100)=0,"",SUM(F100:N100)) | P100: =IF(COUNTA(F100:N100)=0,"",COUNTA(F100:N100)) | S100: =SUM(V100:AA100) -> 0 | T100: =SUM(AB99:AG99) -> 0 | AH100: =IFERROR(S100/(S100+T100),"") | AO100: =SUM(AI100:AN100) -> 0 | BA100: =SUM(AU100:AZ100) -> 0 | BH100: =SUM(BB100:BG100) -> 0 | BO100: =SUM(BI100:BN100) -> 0 | BV100: =SUM(BP100:BU100) -> 0 | CC100: =SUM(BW100:CB100) -> 0 | CE100: =(AU100*20)+(AV100*40)+(AW100*40)+(AX100*80)+(AY100*60)+(AZ100*60) -> 0 | CF100: =(BB100*50)+(BC100*100)+(BD100*100)+(BE100*200)+(BF100*150)+(BG100*150) -> 0 | CG100: =(BI100*100)+(BJ100*200)+(BK100*200)+(BL100*400)+(BM100*300)+(BN100*300) -> 0 | CH100: =(BP100*150)+(BQ100*300)+(BR100*300)+(BS100*600)+(BT100*450)+(BU100*450) -> 0 | CI100: =(BW100*200)+(BX100*400)+(BY100*400)+(BZ100*800)+(CA100*600)+(CB100*600) -> 0 | CJ100: =SUM(CE100:CI100) -> 0 | CK100: =AI100*257 -> 0 | CL100: =(AJ100*514)+(AK100*514) -> 0 | CM100: =(AM100*771)+(AN100*771) -> 0 | CN100: =AL100*1028 -> 0 | CO100: =SUM(CK100:CN100) -> 0 | DP100: =IFERROR(IF(_xlfn.RANK.EQ(AQ100,$AQ$97:$AQ$100,0)=1,1,""),"") | EC100: =IF(_xlfn.RANK.EQ(CJ100,$CJ$97:$CJ$100,0)=1,1,"") -> 1 | EL100: =D100 -> 0
B101: Team 1 | C101: =A101&B101 -> Team 1 | E101: =D101&D102 | O101: =IF(SUM(F101:N101)=0,"",SUM(F101:N101)) | P101: =IF(COUNTA(F101:N101)=0,"",COUNTA(F101:N101)) | S101: =SUM(V101:AA101) -> 0 | T101: =SUM(AB102:AG102) -> 0 | AH101: =IFERROR(S101/(S101+T101),"") | AO101: =SUM(AI101:AN101) -> 0 | BA101: =SUM(AU101:AZ101) -> 0 | BH101: =SUM(BB101:BG101) -> 0 | BO101: =SUM(BI101:BN101) -> 0 | BV101: =SUM(BP101:BU101) -> 0 | CC101: =SUM(BW101:CB101) -> 0 | CE101: =(AU101*20)+(AV101*40)+(AW101*40)+(AX101*80)+(AY101*60)+(AZ101*60) -> 0 | CF101: =(BB101*50)+(BC101*100)+(BD101*100)+(BE101*200)+(BF101*150)+(BG101*150) -> 0 | CG101: =(BI101*100)+(BJ101*200)+(BK101*200)+(BL101*400)+(BM101*300)+(BN101*300) -> 0 | CH101: =(BP101*150)+(BQ101*300)+(BR101*300)+(BS101*600)+(BT101*450)+(BU101*450) -> 0 | CI101: =(BW101*200)+(BX101*400)+(BY101*400)+(BZ101*800)+(CA101*600)+(CB101*600) -> 0 | CJ101: =SUM(CE101:CI101) -> 0 | CK101: =AI101*257 -> 0 | CL101: =(AJ101*514)+(AK101*514) -> 0 | CM101: =(AM101*771)+(AN101*771) -> 0 | CN101: =AL101*1028 -> 0 | CO101: =SUM(CK101:CN101) -> 0 | DP101: =IFERROR(IF(_xlfn.RANK.EQ(AQ101,$AQ$101:$AQ$104,0)=1,1,""),"") | EC101: =IF(_xlfn.RANK.EQ(CJ101,$CJ$101:$CJ$104,0)=1,1,"") -> 1 | EL101: =D101 -> 0 | EN101: =(CJ101+CJ102)/(O101) -> #VALUE! | EO101: =IF(AND(DP101=1,O101<O103),1,"")
B102: Team 1.1 | C102: =A102&B102 -> Team 1.1 | O102: =IF(SUM(F102:N102)=0,"",SUM(F102:N102)) | P102: =IF(COUNTA(F102:N102)=0,"",COUNTA(F102:N102)) | S102: =SUM(V102:AA102) -> 0 | T102: =SUM(AB101:AG101) -> 0 | AH102: =IFERROR(S102/(S102+T102),"") | AO102: =SUM(AI102:AN102) -> 0 | BA102: =SUM(AU102:AZ102) -> 0 | BH102: =SUM(BB102:BG102) -> 0 | BO102: =SUM(BI102:BN102) -> 0 | BV102: =SUM(BP102:BU102) -> 0 | CC102: =SUM(BW102:CB102) -> 0 | CE102: =(AU102*20)+(AV102*40)+(AW102*40)+(AX102*80)+(AY102*60)+(AZ102*60) -> 0 | CF102: =(BB102*50)+(BC102*100)+(BD102*100)+(BE102*200)+(BF102*150)+(BG102*150) -> 0 | CG102: =(BI102*100)+(BJ102*200)+(BK102*200)+(BL102*400)+(BM102*300)+(BN102*300) -> 0 | CH102: =(BP102*150)+(BQ102*300)+(BR102*300)+(BS102*600)+(BT102*450)+(BU102*450) -> 0 | CI102: =(BW102*200)+(BX102*400)+(BY102*400)+(BZ102*800)+(CA102*600)+(CB102*600) -> 0 | CJ102: =SUM(CE102:CI102) -> 0 | CK102: =AI102*257 -> 0 | CL102: =(AJ102*514)+(AK102*514) -> 0 | CM102: =(AM102*771)+(AN102*771) -> 0 | CN102: =AL102*1028 -> 0 | CO102: =SUM(CK102:CN102) -> 0 | DP102: =IFERROR(IF(_xlfn.RANK.EQ(AQ102,$AQ$101:$AQ$104,0)=1,1,""),"") | EC102: =IF(_xlfn.RANK.EQ(CJ102,$CJ$101:$CJ$104,0)=1,1,"") -> 1 | EL102: =D102 -> 0
...
